Workbook

Sheet Instrucciones
A1: Evaluación a ciegas con la rúbrica de 5 criterios — Evaluador 1
A2: Tesis: LLM como asistentes de programación PLC en la academia (UTP). 600 respuestas de código de 25 tareas (generación y conversión), cada una con un código que no revela el modelo ni la estrategia.
A4: Qué hay que hacer
A5: 1. Trabaja una tarea completa antes de pasar a la siguiente. Abre respuestas/Respuestas_<tarea>.html (enunciado, protocolo de prueba y respuestas por código) y la hoja de la misma tarea en este libro.
A6: 2. Rellena ÚNICAMENTE las celdas amarillas con 0, 1, 2 o 3 según la hoja Rúbrica. Las celdas azules vienen de CODESYS o se calculan solas.
A7: 3. Justifica cada puntuación en una línea, en la columna de justificación correspondiente. Sin justificación, la puntuación no es auditable.
A8: 4. La fila gris EJEMPLO solo muestra el formato. No se analiza.
A9: 5. Puedes repartir el trabajo en varias sesiones. La tabla de avance de abajo indica qué falta. Guarda con el mismo nombre.
A11: Reglas de decisión (fijadas antes de evaluar; no se cambian durante la evaluación)
A12: Si la respuesta NO compila: Cumplimiento IEC = 0 y Corrección funcional = 0. Ya están precargadas. Los otros tres criterios se evalúan igual, leyendo el código.
A13: Si la respuesta pasa TODOS los pasos del harness: Corrección funcional = 3. Ya está precargada.
A14: Si compila pero falla pasos del harness: Corrección funcional es 0, 1 o 2 según la rúbrica. El HTML indica qué pasos fallaron y el protocolo de prueba dice qué comprueba cada paso.
... A23: Avance
A24: Tarea | B24: Respuestas | C24: Completas | D24: Pendientes
A25: B1 | B25: 24 | C25: =COUNTIF(B1!N6:N29,"Completa") -> 0 | D25: =B25-C25 -> 24
A26: B2 | B26: 24 | C26: =COUNTIF(B2!N6:N29,"Completa") -> 0 | D26: =B26-C26 -> 24
A27: B3 | B27: 24 | C27: =COUNTIF(B3!N6:N29,"Completa") -> 0 | D27: =B27-C27 -> 24
A28: B4 | B28: 24 | C28: =COUNTIF(B4!N6:N29,"Completa") -> 0 | D28: =B28-C28 -> 24
A29: B5 | B29: 24 | C29: =COUNTIF(B5!N6:N29,"Completa") -> 0 | D29: =B29-C29 -> 24
A30: B6 | B30: 24 | C30: =COUNTIF(B6!N6:N29,"Completa") -> 0 | D30: =B30-C30 -> 24
A31: B7 | B31: 24 | C31: =COUNTIF(B7!N6:N29,"Completa") -> 0 | D31: =B31-C31 -> 24
A32: B8 | B32: 24 | C32: =COUNTIF(B8!N6:N29,"Completa") -> 0 | D32: =B32-C32 -> 24
A33: I1 | B33: 24 | C33: =COUNTIF(I1!N6:N29,"Completa") -> 0 | D33: =B33-C33 -> 24
A34: I2 | B34: 24 | C34: =COUNTIF(I2!N6:N29,"Completa") -> 0 | D34: =B34-C34 -> 24
A35: I3 | B35: 24 | C35: =COUNTIF(I3!N6:N29,"Completa") -> 0 | D35: =B35-C35 -> 24
A36: I4 | B36: 24 | C36: =COUNTIF(I4!N6:N29,"Completa") -> 0 | D36: =B36-C36 -> 24
A37: I5 | B37: 24 | C37: =COUNTIF(I5!N6:N29,"Completa") -> 0 | D37: =B37-C37 -> 24
A38: I6 | B38: 24 | C38: =COUNTIF(I6!N6:N29,"Completa") -> 0 | D38: =B38-C38 -> 24
A39: I7 | B39: 24 | C39: =COUNTIF(I7!N6:N29,"Completa") -> 0 | D39: =B39-C39 -> 24
A40: I8 | B40: 24 | C40: =COUNTIF(I8!N6:N29,"Completa") -> 0 | D40: =B40-C40 -> 24
A41: A1 | B41: 24 | C41: =COUNTIF(A1!N6:N29,"Completa") -> 0 | D41: =B41-C41 -> 24
A42: A2 | B42: 24 | C42: =COUNTIF(A2!N6:N29,"Completa") -> 0 | D42: =B42-C42 -> 24
A43: A3 | B43: 24 | C43: =COUNTIF(A3!N6:N29,"Completa") -> 0 | D43: =B43-C43 -> 24
A44: A4 | B44: 24 | C44: =COUNTIF(A4!N6:N29,"Completa") -> 0 | D44: =B44-C44 -> 24
A45: A5 | B45: 24 | C45: =COUNTIF(A5!N6:N29,"Completa") -> 0 | D45: =B45-C45 -> 24
A46: A6 | B46: 24 | C46: =COUNTIF(A6!N6:N29,"Completa") -> 0 | D46: =B46-C46 -> 24
A47: C3 | B47: 24 | C47: =COUNTIF(C3!N6:N29,"Completa") -> 0 | D47: =B47-C47 -> 24
A48: C7 | B48: 24 | C48: =COUNTIF(C7!N6:N29,"Completa") -> 0 | D48: =B48-C48 -> 24
A49: C8 | B49: 24 | C49: =COUNTIF(C8!N6:N29,"Completa") -> 0 | D49: =B49-C49 -> 24
A50: Total | B50: =SUM(B25:B49) -> 600 | C50: =SUM(C25:C49) -> 0 | D50: =SUM(D25:D49) -> 600
A52: Nombre del evaluador:
A53: Fechas de calificación:

Sheet Rúbrica
A1: Rúbrica de evaluación — 5 criterios × 4 niveles
A2: Fuente: Banco_de_Pruebas_v0.xlsx, hoja Rúbrica (2.5), sin cambios de redacción. Insuficiente = 0, Básico = 1, Competente = 2, Excelente = 3.
A4: Criterio | B4: Insuficiente (0) | C4: Básico (1) | D4: Competente (2) | E4: Excelente (3) | F4: Fuente del criterio
A5: Corrección funcional | B5: No implementa la lógica pedida o falla en el caso nominal. | C5: Funciona en el caso nominal pero falla en casos límite evidentes (flancos, reset, E-stop). | D5: Correcto en el caso nominal y en la mayoría de los casos límite; fallas menores sin riesgo. | E5: Correcto en todos los casos probados, incluidos límites y secuencias de fallo. | F5: IEC 61508 / simulación CODESYS
A6: Cumplimiento IEC 61131-3 | B6: No compila; sintaxis o declaraciones inválidas. | C6: Compila solo tras correcciones menores, o usa extensiones fuera del estándar. | D6: Compila sin cambios; declaraciones y tipos correctos. | E6: Compila sin cambios y usa construcciones idiomáticas del estándar (POU adecuado, tipos TIME correctos, FB estándar bien instanciados). | F6: IEC 61131-3 / compilador CODESYS
A7: Coherencia lógica | B7: Condiciones contradictorias, variables sin inicializar con efecto, o estados muertos que impiden operar. | C7: Lógica mayormente coherente con redundancias o condiciones muertas sin efecto grave. | D7: Sin contradicciones; inicialización correcta; transiciones completas. | E7: Además, robusta: interlocks completos, sin estados inalcanzables, comportamiento seguro ante entradas simultáneas. | F7: Análisis técnico + simulación
A8: Claridad estructural | B8: Sin estructura reconocible; nombres crípticos; sin comentarios. | C8: Estructura básica pero nombres pobres o comentarios ausentes/incorrectos. | D8: Nombres descriptivos, secciones ordenadas, comentarios útiles. | E8: Además, modularización adecuada (FB reutilizable, separación lógica/E/S) y comentarios que explican el porqué. | F8: Clean Code (Martin)
A9: Mantenibilidad | B9: Valores mágicos por doquier; imposible modificar sin reescribir. | C9: Modificable con esfuerzo; constantes parcialmente parametrizadas. | D9: Parámetros como variables/constantes declaradas; cambios localizados. | E9: Además, diseño extensible (parámetros de entrada del FB, sin duplicación de lógica). | F9: ISO/IEC 25010

Sheet B1
A1: B1 — Arranque/paro de motor con enclavamiento (Basico)
A2: Lee cada respuesta por su código en respuestas/Respuestas_B1.html. Rellena solo las celdas amarillas. Las azules vienen de CODESYS o se calculan solas. La fila EJEMPLO no se analiza.
A4: Código | B4: Resultado en CODESYS (automático) | C4: Corrección funcional (0–3) | D4: Cumplimiento IEC (0–3) | E4: Coherencia lógica (0–3) | F4: Claridad estructural (0–3) | G4: Mantenibilidad (0–3) | H4: Total (0–15) | I4: Justificación: corrección funcional / IEC | J4: Justificación: coherencia | K4: Justificación: claridad | L4: Justificación: mantenibilidad | M4: Observaciones | N4: Estado
A5: EJEMPLO | B5: Compila. Falla 2 de 7 pasos del harness (pasos 3,5; numerados desde 0). | C5: 1 | D5: 2 | E5: 2 | F5: 2 | G5: 1 | H5: =IF(COUNT(C5:G5)=5,SUM(C5:G5),"") -> 8 | I5: Arranca y para, pero rearranca solo tras la emergencia. | J5: Sin contradicciones; transiciones completas. | K5: Nombres claros, comentarios útiles. | L5: El tiempo está escrito como literal en dos sitios. | N5: =IF(COUNT(C5:G5)=5,"Completa","Falta") -> Completa
A6: B1-3577 | B6: Compila. Pasa los 7 pasos del harness. | C6: 3 | H6: =IF(COUNT(C6:G6)=5,SUM(C6:G6),"") | N6: =IF(COUNT(C6:G6)=5,"Completa","Falta") -> Falta
A7: B1-8070 | B7: No compila (12 errores). | C7: 0 | D7: 0 | H7: =IF(COUNT(C7:G7)=5,SUM(C7:G7),"") | N7: =IF(COUNT(C7:G7)=5,"Completa","Falta") -> Falta
A8: B1-4667 | B8: Compila. Pasa los 7 pasos del harness. | C8: 3 | H8: =IF(COUNT(C8:G8)=5,SUM(C8:G8),"") | N8: =IF(COUNT(C8:G8)=5,"Completa","Falta") -> Falta
A9: B1-3153 | B9: Compila. Falla 1 de 7 pasos del harness (pasos 6; numerados desde 0). | H9: =IF(COUNT(C9:G9)=5,SUM(C9:G9),"") | N9: =IF(COUNT(C9:G9)=5,"Completa","Falta") -> Falta
A10: B1-3916 | B10: Compila. Pasa los 7 pasos del harness. | C10: 3 | H10: =IF(COUNT(C10:G10)=5,SUM(C10:G10),"") | N10: =IF(COUNT(C10:G10)=5,"Completa","Falta") -> Falta
A11: B1-4316 | B11: Compila. Pasa los 7 pasos del harness. | C11: 3 | H11: =IF(COUNT(C11:G11)=5,SUM(C11:G11),"") | N11: =IF(COUNT(C11:G11)=5,"Completa","Falta") -> Falta
A12: B1-7103 | B12: Compila. Falla 1 de 7 pasos del harness (pasos 6; numerados desde 0). | H12: =IF(COUNT(C12:G12)=5,SUM(C12:G12),"") | N12: =IF(COUNT(C12:G12)=5,"Completa","Falta") -> Falta
A13: B1-3006 | B13: Compila. Pasa los 7 pasos del harness. | C13: 3 | H13: =IF(COUNT(C13:G13)=5,SUM(C13:G13),"") | N13: =IF(COUNT(C13:G13)=5,"Completa","Falta") -> Falta
A14: B1-7637 | B14: Compila. Pasa los 7 pasos del harness. | C14: 3 | H14: =IF(COUNT(C14:G14)=5,SUM(C14:G14),"") | N14: =IF(COUNT(C14:G14)=5,"Completa","Falta") -> Falta
A15: B1-3504 | B15: Compila. Pasa los 7 pasos del harness. | C15: 3 | H15: =IF(COUNT(C15:G15)=5,SUM(C15:G15),"") | N15: =IF(COUNT(C15:G15)=5,"Completa","Falta") -> Falta
A16: B1-1729 | B16: Compila. Pasa los 7 pasos del harness. | C16: 3 | H16: =IF(COUNT(C16:G16)=5,SUM(C16:G16),"") | N16: =IF(COUNT(C16:G16)=5,"Completa","Falta") -> Falta
A17: B1-8468 | B17: Compila. Pasa los 7 pasos del harness. | C17: 3 | H17: =IF(COUNT(C17:G17)=5,SUM(C17:G17),"") | N17: =IF(COUNT(C17:G17)=5,"Completa","Falta") -> Falta
A18: B1-2708 | B18: Compila. Falla 1 de 7 pasos del harness (pasos 6; numerados desde 0). | H18: =IF(COUNT(C18:G18)=5,SUM(C18:G18),"") | N18: =IF(COUNT(C18:G18)=5,"Completa","Falta") -> Falta
A19: B1-7716 | B19: Compila. Pasa los 7 pasos del harness. | C19: 3 | H19: =IF(COUNT(C19:G19)=5,SUM(C19:G19),"") | N19: =IF(COUNT(C19:G19)=5,"Completa","Falta") -> Falta
A20: B1-4160 | B20: No compila (12 errores). | C20: 0 | D20: 0 | H20: =IF(COUNT(C20:G20)=5,SUM(C20:G20),"") | N20: =IF(COUNT(C20:G20)=5,"Completa","Falta") -> Falta
A21: B1-3776 | B21: Compila. Pasa los 7 pasos del harness. | C21: 3 | H21: =IF(COUNT(C21:G21)=5,SUM(C21:G21),"") | N21: =IF(COUNT(C21:G21)=5,"Completa","Falta") -> Falta
A22: B1-1689 | B22: Compila. Falla 1 de 7 pasos del harness (pasos 6; numerados desde 0). | H22: =IF(COUNT(C22:G22)=5,SUM(C22:G22),"") | N22: =IF(COUNT(C22:G22)=5,"Completa","Falta") -> Falta
A23: B1-7970 | B23: Compila. Falla 1 de 7 pasos del harness (pasos 6; numerados desde 0). | H23: =IF(COUNT(C23:G23)=5,SUM(C23:G23),"") | N23: =IF(COUNT(C23:G23)=5,"Completa","Falta") -> Falta
A24: B1-2577 | B24: Compila. Pasa los 7 pasos del harness. | C24: 3 | H24: =IF(COUNT(C24:G24)=5,SUM(C24:G24),"") | N24: =IF(COUNT(C24:G24)=5,"Completa","Falta") -> Falta
A25: B1-2078 | B25: Compila. Pasa los 7 pasos del harness. | C25: 3 | H25: =IF(COUNT(C25:G25)=5,SUM(C25:G25),"") | N25: =IF(COUNT(C25:G25)=5,"Completa","Falta") -> Falta
A26: B1-2077 | B26: Compila. Pasa los 7 pasos del harness. | C26: 3 | H26: =IF(COUNT(C26:G26)=5,SUM(C26:G26),"") | N26: =IF(COUNT(C26:G26)=5,"Completa","Falta") -> Falta
A27: B1-6475 | B27: Compila. Pasa los 7 pasos del harness. | C27: 3 | H27: =IF(COUNT(C27:G27)=5,SUM(C27:G27),"") | N27: =IF(COUNT(C27:G27)=5,"Completa","Falta") -> Falta
A28: B1-9711 | B28: Compila. Pasa los 7 pasos del harness. | C28: 3 | H28: =IF(COUNT(C28:G28)=5,SUM(C28:G28),"") | N28: =IF(COUNT(C28:G28)=5,"Completa","Falta") -> Falta
A29: B1-4469 | B29: Compila. Falla 1 de 7 pasos del harness (pasos 6; numerados desde 0). | H29: =IF(COUNT(C29:G29)=5,SUM(C29:G29),"") | N29: =IF(COUNT(C29:G29)=5,"Completa","Falta") -> Falta

Sheet B2
A1: B2 — Válvula con retardo TON (Basico)
A2: Lee cada respuesta por su código en respuestas/Respuestas_B2.html. Rellena solo las celdas amarillas. Las azules vienen de CODESYS o se calculan solas. La fila EJEMPLO no se analiza.
A4: Código | B4: Resultado en CODESYS (automático) | C4: Corrección funcional (0–3) | D4: Cumplimiento IEC (0–3) | E4: Coherencia lógica (0–3) | F4: Claridad estructural (0–3) | G4: Mantenibilidad (0–3) | H4: Total (0–15) | I4: Justificación: corrección funcional / IEC | J4: Justificación: coherencia | K4: Justificación: claridad | L4: Justificación: mantenibilidad | M4: Observaciones | N4: Estado
A5: EJEMPLO | B5: Compila. Falla 2 de 7 pasos del harness (pasos 3,5; numerados desde 0). | C5: 1 | D5: 2 | E5: 2 | F5: 2 | G5: 1 | H5: =IF(COUNT(C5:G5)=5,SUM(C5:G5),"") -> 8 | I5: Arranca y para, pero rearranca solo tras la emergencia. | J5: Sin contradicciones; transiciones completas. | K5: Nombres claros, comentarios útiles. | L5: El tiempo está escrito como literal en dos sitios. | N5: =IF(COUNT(C5:G5)=5,"Completa","Falta") -> Completa
A6: B2-9847 | B6: Compila. Pasa los 6 pasos del harness. | C6: 3 | H6: =IF(COUNT(C6:G6)=5,SUM(C6:G6),"") | N6: =IF(COUNT(C6:G6)=5,"Completa","Falta") -> Falta
A7: B2-6674 | B7: Compila. Pasa los 6 pasos del harness. | C7: 3 | H7: =IF(COUNT(C7:G7)=5,SUM(C7:G7),"") | N7: =IF(COUNT(C7:G7)=5,"Completa","Falta") -> Falta
A8: B2-1651 | B8: Compila. Pasa los 6 pasos del harness. | C8: 3 | H8: =IF(COUNT(C8:G8)=5,SUM(C8:G8),"") | N8: =IF(COUNT(C8:G8)=5,"Completa","Falta") -> Falta
A9: B2-3609 | B9: Compila. Pasa los 6 pasos del harness. | C9: 3 | H9: =IF(COUNT(C9:G9)=5,SUM(C9:G9),"") | N9: =IF(COUNT(C9:G9)=5,"Completa","Falta") -> Falta
A10: B2-5560 | B10: Compila. Pasa los 6 pasos del harness. | C10: 3 | H10: =IF(COUNT(C10:G10)=5,SUM(C10:G10),"") | N10: =IF(COUNT(C10:G10)=5,"Completa","Falta") -> Falta
A11: B2-5675 | B11: Compila. Pasa los 6 pasos del harness. | C11: 3 | H11: =IF(COUNT(C11:G11)=5,SUM(C11:G11),"") | N11: =IF(COUNT(C11:G11)=5,"Completa","Falta") -> Falta
A12: B2-7015 | B12: Compila. Pasa los 6 pasos del harness. | C12: 3 | H12: =IF(COUNT(C12:G12)=5,SUM(C12:G12),"") | N12: =IF(COUNT(C12:G12)=5,"Completa","Falta") -> Falta
A13: B2-6278 | B13: Compila. Pasa los 6 pasos del harness. | C13: 3 | H13: =IF(COUNT(C13:G13)=5,SUM(C13:G13),"") | N13: =IF(COUNT(C13:G13)=5,"Completa","Falta") -> Falta
A14: B2-3727 | B14: Compila. Falla 3 de 6 pasos del harness (pasos 1,2,4; numerados desde 0). | H14: =IF(COUNT(C14:G14)=5,SUM(C14:G14),"") | N14: =IF(COUNT(C14:G14)=5,"Completa","Falta") -> Falta
A15: B2-6755 | B15: Compila. Pasa los 6 pasos del harness. | C15: 3 | H15: =IF(COUNT(C15:G15)=5,SUM(C15:G15),"") | N15: =IF(COUNT(C15:G15)=5,"Completa","Falta") -> Falta
A16: B2-7829 | B16: Compila. Falla 3 de 6 pasos del harness (pasos 1,2,4; numerados desde 0). | H16: =IF(COUNT(C16:G16)=5,SUM(C16:G16),"") | N16: =IF(COUNT(C16:G16)=5,"Completa","Falta") -> Falta
A17: B2-7426 | B17: Compila. Pasa los 6 pasos del harness. | C17: 3 | H17: =IF(COUNT(C17:G17)=5,SUM(C17:G17),"") | N17: =IF(COUNT(C17:G17)=5,"Completa","Falta") -> Falta
A18: B2-8183 | B18: Compila. Pasa los 6 pasos del harness. | C18: 3 | H18: =IF(COUNT(C18:G18)=5,SUM(C18:G18),"") | N18: =IF(COUNT(C18:G18)=5,"Completa","Falta") -> Falta
A19: B2-4395 | B19: Compila. Pasa los 6 pasos del harness. | C19: 3 | H19: =IF(COUNT(C19:G19)=5,SUM(C19:G19),"") | N19: =IF(COUNT(C19:G19)=5,"Completa","Falta") -> Falta
A20: B2-4528 | B20: Compila. Pasa los 6 pasos del harness. | C20: 3 | H20: =IF(COUNT(C20:G20)=5,SUM(C20:G20),"") | N20: =IF(COUNT(C20:G20)=5,"Completa","Falta") -> Falta
A21: B2-8816 | B21: Compila. Pasa los 6 pasos del harness. | C21: 3 | H21: =IF(COUNT(C21:G21)=5,SUM(C21:G21),"") | N21: =IF(COUNT(C21:G21)=5,"Completa","Falta") -> Falta
A22: B2-9944 | B22: Compila. Pasa los 6 pasos del harness. | C22: 3 | H22: =IF(COUNT(C22:G22)=5,SUM(C22:G22),"") | N22: =IF(COUNT(C22:G22)=5,"Completa","Falta") -> Falta
A23: B2-6018 | B23: Compila. Pasa los 6 pasos del harness. | C23: 3 | H23: =IF(COUNT(C23:G23)=5,SUM(C23:G23),"") | N23: =IF(COUNT(C23:G23)=5,"Completa","Falta") -> Falta
A24: B2-4891 | B24: Compila sola, pero no se pudo simular: declara las entradas donde el harness no puede escribirlas ('nivelAlto' no es ninguna entrada de 'FB_VALVULA'). | H24: =IF(COUNT(C24:G24)=5,SUM(C24:G24),"") | N24: =IF(COUNT(C24:G24)=5,"Completa","Falta") -> Falta
A25: B2-3672 | B25: Compila. Pasa los 6 pasos del harness. | C25: 3 | H25: =IF(COUNT(C25:G25)=5,SUM(C25:G25),"") | N25: =IF(COUNT(C25:G25)=5,"Completa","Falta") -> Falta
A26: B2-5243 | B26: Compila. Falla 1 de 6 pasos del harness (pasos 1; numerados desde 0). | H26: =IF(COUNT(C26:G26)=5,SUM(C26:G26),"") | N26: =IF(COUNT(C26:G26)=5,"Completa","Falta") -> Falta
A27: B2-6383 | B27: Compila. Pasa los 6 pasos del harness. | C27: 3 | H27: =IF(COUNT(C27:G27)=5,SUM(C27:G27),"") | N27: =IF(COUNT(C27:G27)=5,"Completa","Falta") -> Falta
A28: B2-2583 | B28: Compila. Falla 3 de 6 pasos del harness (pasos 1,2,4; numerados desde 0). | H28: =IF(COUNT(C28:G28)=5,SUM(C28:G28),"") | N28: =IF(COUNT(C28:G28)=5,"Completa","Falta") -> Falta
A29: B2-2211 | B29: Compila. Pasa los 6 pasos del harness. | C29: 3 | H29: =IF(COUNT(C29:G29)=5,SUM(C29:G29),"") | N29: =IF(COUNT(C29:G29)=5,"Completa","Falta") -> Falta

Sheet B3
A1: B3 — Contador de piezas con preset (Basico)
A2: Lee cada respuesta por su código en respuestas/Respuestas_B3.html. Rellena solo las celdas amarillas. Las azules vienen de CODESYS o se calculan solas. La fila EJEMPLO no se analiza.
A4: Código | B4: Resultado en CODESYS (automático) | C4: Corrección funcional (0–3) | D4: Cumplimiento IEC (0–3) | E4: Coherencia lógica (0–3) | F4: Claridad estructural (0–3) | G4: Mantenibilidad (0–3) | H4: Total (0–15) | I4: Justificación: corrección funcional / IEC | J4: Justificación: coherencia | K4: Justificación: claridad | L4: Justificación: mantenibilidad | M4: Observaciones | N4: Estado
A5: EJEMPLO | B5: Compila. Falla 2 de 7 pasos del harness (pasos 3,5; numerados desde 0). | C5: 1 | D5: 2 | E5: 2 | F5: 2 | G5: 1 | H5: =IF(COUNT(C5:G5)=5,SUM(C5:G5),"") -> 8 | I5: Arranca y para, pero rearranca solo tras la emergencia. | J5: Sin contradicciones; transiciones completas. | K5: Nombres claros, comentarios útiles. | L5: El tiempo está escrito como literal en dos sitios. | N5: =IF(COUNT(C5:G5)=5,"Completa","Falta") -> Completa
A6: B3-6721 | B6: Compila. Pasa los 7 pasos del harness. | C6: 3 | H6: =IF(COUNT(C6:G6)=5,SUM(C6:G6),"") | N6: =IF(COUNT(C6:G6)=5,"Completa","Falta") -> Falta
A7: B3-4690 | B7: Compila. Falla 5 de 7 pasos del harness (pasos 1,2,3,4,5; numerados desde 0). | H7: =IF(COUNT(C7:G7)=5,SUM(C7:G7),"") | N7: =IF(COUNT(C7:G7)=5,"Completa","Falta") -> Falta
A8: B3-5495 | B8: Compila. Pasa los 7 pasos del harness. | C8: 3 | H8: =IF(COUNT(C8:G8)=5,SUM(C8:G8),"") | N8: =IF(COUNT(C8:G8)=5,"Completa","Falta") -> Falta
A9: B3-6597 | B9: Compila. Pasa los 7 pasos del harness. | C9: 3 | H9: =IF(COUNT(C9:G9)=5,SUM(C9:G9),"") | N9: =IF(COUNT(C9:G9)=5,"Completa","Falta") -> Falta
A10: B3-8516 | B10: Compila. Pasa los 7 pasos del harness. | C10: 3 | H10: =IF(COUNT(C10:G10)=5,SUM(C10:G10),"") | N10: =IF(COUNT(C10:G10)=5,"Completa","Falta") -> Falta
A11: B3-4736 | B11: Compila. Falla 5 de 7 pasos del harness (pasos 1,2,3,4,5; numerados desde 0). | H11: =IF(COUNT(C11:G11)=5,SUM(C11:G11),"") | N11: =IF(COUNT(C11:G11)=5,"Completa","Falta") -> Falta
A12: B3-6421 | B12: Compila. Pasa los 7 pasos del harness. | C12: 3 | H12: =IF(COUNT(C12:G12)=5,SUM(C12:G12),"") | N12: =IF(COUNT(C12:G12)=5,"Completa","Falta") -> Falta
A13: B3-8845 | B13: Compila. Pasa los 7 pasos del harness. | C13: 3 | H13: =IF(COUNT(C13:G13)=5,SUM(C13:G13),"") | N13: =IF(COUNT(C13:G13)=5,"Completa","Falta") -> Falta
A14: B3-9202 | B14: No compila (6 errores). | C14: 0 | D14: 0 | H14: =IF(COUNT(C14:G14)=5,SUM(C14:G14),"") | N14: =IF(COUNT(C14:G14)=5,"Completa","Falta") -> Falta
A15: B3-5228 | B15: Compila. Pasa los 7 pasos del harness. | C15: 3 | H15: =IF(COUNT(C15:G15)=5,SUM(C15:G15),"") | N15: =IF(COUNT(C15:G15)=5,"Completa","Falta") -> Falta
A16: B3-2786 | B16: Compila. Pasa los 7 pasos del harness. | C16: 3 | H16: =IF(COUNT(C16:G16)=5,SUM(C16:G16),"") | N16: =IF(COUNT(C16:G16)=5,"Completa","Falta") -> Falta
A17: B3-5689 | B17: Compila. Pasa los 7 pasos del harness. | C17: 3 | H17: =IF(COUNT(C17:G17)=5,SUM(C17:G17),"") | N17: =IF(COUNT(C17:G17)=5,"Completa","Falta") -> Falta
A18: B3-3133 | B18: Compila. Pasa los 7 pasos del harness. | C18: 3 | H18: =IF(COUNT(C18:G18)=5,SUM(C18:G18),"") | N18: =IF(COUNT(C18:G18)=5,"Completa","Falta") -> Falta
A19: B3-3078 | B19: Compila. Pasa los 7 pasos del harness. | C19: 3 | H19: =IF(COUNT(C19:G19)=5,SUM(C19:G19),"") | N19: =IF(COUNT(C19:G19)=5,"Completa","Falta") -> Falta
A20: B3-8293 | B20: Compila. Pasa los 7 pasos del harness. | C20: 3 | H20: =IF(COUNT(C20:G20)=5,SUM(C20:G20),"") | N20: =IF(COUNT(C20:G20)=5,"Completa","Falta") -> Falta
A21: B3-2446 | B21: Compila. Pasa los 7 pasos del harness. | C21: 3 | H21: =IF(COUNT(C21:G21)=5,SUM(C21:G21),"") | N21: =IF(COUNT(C21:G21)=5,"Completa","Falta") -> Falta
A22: B3-6547 | B22: Compila. Pasa los 7 pasos del harness. | C22: 3 | H22: =IF(COUNT(C22:G22)=5,SUM(C22:G22),"") | N22: =IF(COUNT(C22:G22)=5,"Completa","Falta") -> Falta
A23: B3-3429 | B23: Compila. Pasa los 7 pasos del harness. | C23: 3 | H23: =IF(COUNT(C23:G23)=5,SUM(C23:G23),"") | N23: =IF(COUNT(C23:G23)=5,"Completa","Falta") -> Falta
A24: B3-6741 | B24: Compila. Pasa los 7 pasos del harness. | C24: 3 | H24: =IF(COUNT(C24:G24)=5,SUM(C24:G24),"") | N24: =IF(COUNT(C24:G24)=5,"Completa","Falta") -> Falta
A25: B3-3465 | B25: Compila. Pasa los 7 pasos del harness. | C25: 3 | H25: =IF(COUNT(C25:G25)=5,SUM(C25:G25),"") | N25: =IF(COUNT(C25:G25)=5,"Completa","Falta") -> Falta
A26: B3-4741 | B26: Compila. Pasa los 7 pasos del harness. | C26: 3 | H26: =IF(COUNT(C26:G26)=5,SUM(C26:G26),"") | N26: =IF(COUNT(C26:G26)=5,"Completa","Falta") -> Falta
A27: B3-1730 | B27: Compila. Pasa los 7 pasos del harness. | C27: 3 | H27: =IF(COUNT(C27:G27)=5,SUM(C27:G27),"") | N27: =IF(COUNT(C27:G27)=5,"Completa","Falta") -> Falta
A28: B3-6937 | B28: Compila. Falla 3 de 7 pasos del harness (pasos 3,4,5; numerados desde 0). | H28: =IF(COUNT(C28:G28)=5,SUM(C28:G28),"") | N28: =IF(COUNT(C28:G28)=5,"Completa","Falta") -> Falta
A29: B3-2730 | B29: Compila. Pasa los 7 pasos del harness. | C29: 3 | H29: =IF(COUNT(C29:G29)=5,SUM(C29:G29),"") | N29: =IF(COUNT(C29:G29)=5,"Completa","Falta") -> Falta

Sheet B4
A1: B4 — Inversión de giro con enclavamiento cruzado (Basico)
A2: Lee cada respuesta por su código en respuestas/Respuestas_B4.html. Rellena solo las celdas amarillas. Las azules vienen de CODESYS o se calculan solas. La fila EJEMPLO no se analiza.
A4: Código | B4: Resultado en CODESYS (automático) | C4: Corrección funcional (0–3) | D4: Cumplimiento IEC (0–3) | E4: Coherencia lógica (0–3) | F4: Claridad estructural (0–3) | G4: Mantenibilidad (0–3) | H4: Total (0–15) | I4: Justificación: corrección funcional / IEC | J4: Justificación: coherencia | K4: Justificación: claridad | L4: Justificación: mantenibilidad | M4: Observaciones | N4: Estado
A5: EJEMPLO | B5: Compila. Falla 2 de 7 pasos del harness (pasos 3,5; numerados desde 0). | C5: 1 | D5: 2 | E5: 2 | F5: 2 | G5: 1 | H5: =IF(COUNT(C5:G5)=5,SUM(C5:G5),"") -> 8 | I5: Arranca y para, pero rearranca solo tras la emergencia. | J5: Sin contradicciones; transiciones completas. | K5: Nombres claros, comentarios útiles. | L5: El tiempo está escrito como literal en dos sitios. | N5: =IF(COUNT(C5:G5)=5,"Completa","Falta") -> Completa
A6: B4-8136 | B6: Compila. Falla 4 de 10 pasos del harness (pasos 3,4,7,9; numerados desde 0). | H6: =IF(COUNT(C6:G6)=5,SUM(C6:G6),"") | N6: =IF(COUNT(C6:G6)=5,"Completa","Falta") -> Falta
A7: B4-1620 | B7: Compila. Pasa los 10 pasos del harness. | C7: 3 | H7: =IF(COUNT(C7:G7)=5,SUM(C7:G7),"") | N7: =IF(COUNT(C7:G7)=5,"Completa","Falta") -> Falta
A8: B4-8880 | B8: Compila. Pasa los 10 pasos del harness. | C8: 3 | H8: =IF(COUNT(C8:G8)=5,SUM(C8:G8),"") | N8: =IF(COUNT(C8:G8)=5,"Completa","Falta") -> Falta
A9: B4-9178 | B9: Compila. Pasa los 10 pasos del harness. | C9: 3 | H9: =IF(COUNT(C9:G9)=5,SUM(C9:G9),"") | N9: =IF(COUNT(C9:G9)=5,"Completa","Falta") -> Falta
A10: B4-2076 | B10: Compila. Pasa los 10 pasos del harness. | C10: 3 | H10: =IF(COUNT(C10:G10)=5,SUM(C10:G10),"") | N10: =IF(COUNT(C10:G10)=5,"Completa","Falta") -> Falta
A11: B4-2916 | B11: Compila. Pasa los 10 pasos del harness. | C11: 3 | H11: =IF(COUNT(C11:G11)=5,SUM(C11:G11),"") | N11: =IF(COUNT(C11:G11)=5,"Completa","Falta") -> Falta
A12: B4-1844 | B12: Compila. Pasa los 10 pasos del harness. | C12: 3 | H12: =IF(COUNT(C12:G12)=5,SUM(C12:G12),"") | N12: =IF(COUNT(C12:G12)=5,"Completa","Falta") -> Falta
A13: B4-9939 | B13: Compila. Falla 3 de 10 pasos del harness (pasos 2,3,6; numerados desde 0). | H13: =IF(COUNT(C13:G13)=5,SUM(C13:G13),"") | N13: =IF(COUNT(C13:G13)=5,"Completa","Falta") -> Falta
A14: B4-9793 | B14: Compila. Falla 2 de 10 pasos del harness (pasos 3,6; numerados desde 0). | H14: =IF(COUNT(C14:G14)=5,SUM(C14:G14),"") | N14: =IF(COUNT(C14:G14)=5,"Completa","Falta") -> Falta
A15: B4-5174 | B15: Compila. Falla 4 de 10 pasos del harness (pasos 3,4,7,9; numerados desde 0). | H15: =IF(COUNT(C15:G15)=5,SUM(C15:G15),"") | N15: =IF(COUNT(C15:G15)=5,"Completa","Falta") -> Falta
A16: B4-1107 | B16: Compila. Pasa los 10 pasos del harness. | C16: 3 | H16: =IF(COUNT(C16:G16)=5,SUM(C16:G16),"") | N16: =IF(COUNT(C16:G16)=5,"Completa","Falta") -> Falta
A17: B4-2313 | B17: Compila. Falla 2 de 10 pasos del harness (pasos 3,6; numerados desde 0). | H17: =IF(COUNT(C17:G17)=5,SUM(C17:G17),"") | N17: =IF(COUNT(C17:G17)=5,"Completa","Falta") -> Falta
A18: B4-4978 | B18: Compila. Pasa los 10 pasos del harness. | C18: 3 | H18: =IF(COUNT(C18:G18)=5,SUM(C18:G18),"") | N18: =IF(COUNT(C18:G18)=5,"Completa","Falta") -> Falta
A19: B4-6326 | B19: Compila. Pasa los 10 pasos del harness. | C19: 3 | H19: =IF(COUNT(C19:G19)=5,SUM(C19:G19),"") | N19: =IF(COUNT(C19:G19)=5,"Completa","Falta") -> Falta
A20: B4-2461 | B20: Compila. Pasa los 10 pasos del harness. | C20: 3 | H20: =IF(COUNT(C20:G20)=5,SUM(C20:G20),"") | N20: =IF(COUNT(C20:G20)=5,"Completa","Falta") -> Falta
A21: B4-9948 | B21: Compila. Pasa los 10 pasos del harness. | C21: 3 | H21: =IF(COUNT(C21:G21)=5,SUM(C21:G21),"") | N21: =IF(COUNT(C21:G21)=5,"Completa","Falta") -> Falta
A22: B4-7421 | B22: Compila. Pasa los 10 pasos del harness. | C22: 3 | H22: =IF(COUNT(C22:G22)=5,SUM(C22:G22),"") | N22: =IF(COUNT(C22:G22)=5,"Completa","Falta") -> Falta
A23: B4-1969 | B23: Compila. Pasa los 10 pasos del harness. | C23: 3 | H23: =IF(COUNT(C23:G23)=5,SUM(C23:G23),"") | N23: =IF(COUNT(C23:G23)=5,"Completa","Falta") -> Falta
A24: B4-9599 | B24: Compila. Pasa los 10 pasos del harness. | C24: 3 | H24: =IF(COUNT(C24:G24)=5,SUM(C24:G24),"") | N24: =IF(COUNT(C24:G24)=5,"Completa","Falta") -> Falta
A25: B4-3739 | B25: Compila. Falla 1 de 10 pasos del harness (pasos 3; numerados desde 0). | H25: =IF(COUNT(C25:G25)=5,SUM(C25:G25),"") | N25: =IF(COUNT(C25:G25)=5,"Completa","Falta") -> Falta
A26: B4-1794 | B26: Compila. Pasa los 10 pasos del harness. | C26: 3 | H26: =IF(COUNT(C26:G26)=5,SUM(C26:G26),"") | N26: =IF(COUNT(C26:G26)=5,"Completa","Falta") -> Falta
A27: B4-9025 | B27: Compila. Pasa los 10 pasos del harness. | C27: 3 | H27: =IF(COUNT(C27:G27)=5,SUM(C27:G27),"") | N27: =IF(COUNT(C27:G27)=5,"Completa","Falta") -> Falta
A28: B4-7211 | B28: Compila. Falla 2 de 10 pasos del harness (pasos 3,6; numerados desde 0). | H28: =IF(COUNT(C28:G28)=5,SUM(C28:G28),"") | N28: =IF(COUNT(C28:G28)=5,"Completa","Falta") -> Falta
A29: B4-5930 | B29: Compila. Pasa los 10 pasos del harness. | C29: 3 | H29: =IF(COUNT(C29:G29)=5,SUM(C29:G29),"") | N29: =IF(COUNT(C29:G29)=5,"Completa","Falta") -> Falta

Sheet B5
A1: B5 — Ventilador con retardo a la desconexión (Basico)
A2: Lee cada respuesta por su código en respuestas/Respuestas_B5.html. Rellena solo las celdas amarillas. Las azules vienen de CODESYS o se calculan solas. La fila EJEMPLO no se analiza.
A4: Código | B4: Resultado en CODESYS (automático) | C4: Corrección funcional (0–3) | D4: Cumplimiento IEC (0–3) | E4: Coherencia lógica (0–3) | F4: Claridad estructural (0–3) | G4: Mantenibilidad (0–3) | H4: Total (0–15) | I4: Justificación: corrección funcional / IEC | J4: Justificación: coherencia | K4: Justificación: claridad | L4: Justificación: mantenibilidad | M4: Observaciones | N4: Estado
A5: EJEMPLO | B5: Compila. Falla 2 de 7 pasos del harness (pasos 3,5; numerados desde 0). | C5: 1 | D5: 2 | E5: 2 | F5: 2 | G5: 1 | H5: =IF(COUNT(C5:G5)=5,SUM(C5:G5),"") -> 8 | I5: Arranca y para, pero rearranca solo tras la emergencia. | J5: Sin contradicciones; transiciones completas. | K5: Nombres claros, comentarios útiles. | L5: El tiempo está escrito como literal en dos sitios. | N5: =IF(COUNT(C5:G5)=5,"Completa","Falta") -> Completa
A6: B5-9290 | B6: Compila. Pasa los 9 pasos del harness. | C6: 3 | H6: =IF(COUNT(C6:G6)=5,SUM(C6:G6),"") | N6: =IF(COUNT(C6:G6)=5,"Completa","Falta") -> Falta
A7: B5-7090 | B7: Compila. Falla 1 de 9 pasos del harness (pasos 0; numerados desde 0). | H7: =IF(COUNT(C7:G7)=5,SUM(C7:G7),"") | N7: =IF(COUNT(C7:G7)=5,"Completa","Falta") -> Falta
A8: B5-4470 | B8: Compila sola, pero no se pudo simular: declara las entradas donde el harness no puede escribirlas ('quemadorOn' no es ninguna entrada de 'FB_VENTILADOR'). | H8: =IF(COUNT(C8:G8)=5,SUM(C8:G8),"") | N8: =IF(COUNT(C8:G8)=5,"Completa","Falta") -> Falta
A9: B5-6632 | B9: Compila. Falla 5 de 9 pasos del harness (pasos 2,3,5,7,8; numerados desde 0). | H9: =IF(COUNT(C9:G9)=5,SUM(C9:G9),"") | N9: =IF(COUNT(C9:G9)=5,"Completa","Falta") -> Falta
A10: B5-4246 | B10: Compila. Falla 1 de 9 pasos del harness (pasos 0; numerados desde 0). | H10: =IF(COUNT(C10:G10)=5,SUM(C10:G10),"") | N10: =IF(COUNT(C10:G10)=5,"Completa","Falta") -> Falta
A11: B5-2235 | B11: Compila. Falla 1 de 9 pasos del harness (pasos 0; numerados desde 0). | H11: =IF(COUNT(C11:G11)=5,SUM(C11:G11),"") | N11: =IF(COUNT(C11:G11)=5,"Completa","Falta") -> Falta
A12: B5-6715 | B12: Compila. Pasa los 9 pasos del harness. | C12: 3 | H12: =IF(COUNT(C12:G12)=5,SUM(C12:G12),"") | N12: =IF(COUNT(C12:G12)=5,"Completa","Falta") -> Falta
A13: B5-8536 | B13: Compila. Falla 3 de 9 pasos del harness (pasos 0,5,7; numerados desde 0). | H13: =IF(COUNT(C13:G13)=5,SUM(C13:G13),"") | N13: =IF(COUNT(C13:G13)=5,"Completa","Falta") -> Falta
A14: B5-8802 | B14: Compila sola, pero no se pudo simular: declara las entradas donde el harness no puede escribirlas ('quemadorOn' no es ninguna entrada de 'FB_VENTILADOR'). | H14: =IF(COUNT(C14:G14)=5,SUM(C14:G14),"") | N14: =IF(COUNT(C14:G14)=5,"Completa","Falta") -> Falta
A15: B5-2103 | B15: Compila. Pasa los 9 pasos del harness. | C15: 3 | H15: =IF(COUNT(C15:G15)=5,SUM(C15:G15),"") | N15: =IF(COUNT(C15:G15)=5,"Completa","Falta") -> Falta
A16: B5-3077 | B16: Compila. Pasa los 9 pasos del harness. | C16: 3 | H16: =IF(COUNT(C16:G16)=5,SUM(C16:G16),"") | N16: =IF(COUNT(C16:G16)=5,"Completa","Falta") -> Falta
A17: B5-6054 | B17: Compila. Pasa los 9 pasos del harness. | C17: 3 | H17: =IF(COUNT(C17:G17)=5,SUM(C17:G17),"") | N17: =IF(COUNT(C17:G17)=5,"Completa","Falta") -> Falta
A18: B5-6571 | B18: Compila. Falla 1 de 9 pasos del harness (pasos 0; numerados desde 0). | H18: =IF(COUNT(C18:G18)=5,SUM(C18:G18),"") | N18: =IF(COUNT(C18:G18)=5,"Completa","Falta") -> Falta
A19: B5-9947 | B19: Compila. Falla 5 de 9 pasos del harness (pasos 2,3,5,7,8; numerados desde 0). | H19: =IF(COUNT(C19:G19)=5,SUM(C19:G19),"") | N19: =IF(COUNT(C19:G19)=5,"Completa","Falta") -> Falta
A20: B5-4296 | B20: Compila. Falla 1 de 9 pasos del harness (pasos 0; numerados desde 0). | H20: =IF(COUNT(C20:G20)=5,SUM(C20:G20),"") | N20: =IF(COUNT(C20:G20)=5,"Completa","Falta") -> Falta
A21: B5-7882 | B21: Compila. Falla 2 de 9 pasos del harness (pasos 0,7; numerados desde 0). | H21: =IF(COUNT(C21:G21)=5,SUM(C21:G21),"") | N21: =IF(COUNT(C21:G21)=5,"Completa","Falta") -> Falta
A22: B5-6010 | B22: Compila. Falla 3 de 9 pasos del harness (pasos 0,5,7; numerados desde 0). | H22: =IF(COUNT(C22:G22)=5,SUM(C22:G22),"") | N22: =IF(COUNT(C22:G22)=5,"Completa","Falta") -> Falta
A23: B5-8869 | B23: Compila. Falla 2 de 9 pasos del harness (pasos 0,7; numerados desde 0). | H23: =IF(COUNT(C23:G23)=5,SUM(C23:G23),"") | N23: =IF(COUNT(C23:G23)=5,"Completa","Falta") -> Falta
A24: B5-8798 | B24: Compila sola, pero no se pudo simular: declara las entradas donde el harness no puede escribirlas ('quemadorOn' no es ninguna entrada de 'FB_VENTILADOR'). | H24: =IF(COUNT(C24:G24)=5,SUM(C24:G24),"") | N24: =IF(COUNT(C24:G24)=5,"Completa","Falta") -> Falta
A25: B5-2379 | B25: Compila. Pasa los 9 pasos del harness. | C25: 3 | H25: =IF(COUNT(C25:G25)=5,SUM(C25:G25),"") | N25: =IF(COUNT(C25:G25)=5,"Completa","Falta") -> Falta
A26: B5-8170 | B26: Compila. Pasa los 9 pasos del harness. | C26: 3 | H26: =IF(COUNT(C26:G26)=5,SUM(C26:G26),"") | N26: =IF(COUNT(C26:G26)=5,"Completa","Falta") -> Falta
A27: B5-2653 | B27: Compila. Falla 5 de 9 pasos del harness (pasos 2,3,5,7,8; numerados desde 0). | H27: =IF(COUNT(C27:G27)=5,SUM(C27:G27),"") | N27: =IF(COUNT(C27:G27)=5,"Completa","Falta") -> Falta
A28: B5-2367 | B28: Compila. Falla 2 de 9 pasos del harness (pasos 0,7; numerados desde 0). | H28: =IF(COUNT(C28:G28)=5,SUM(C28:G28),"") | N28: =IF(COUNT(C28:G28)=5,"Completa","Falta") -> Falta
A29: B5-3623 | B29: Compila. Falla 3 de 9 pasos del harness (pasos 2,5,7; numerados desde 0). | H29: =IF(COUNT(C29:G29)=5,SUM(C29:G29),"") | N29: =IF(COUNT(C29:G29)=5,"Completa","Falta") -> Falta

Sheet B6
A1: B6 — Baliza intermitente (Basico)
A2: Lee cada respuesta por su código en respuestas/Respuestas_B6.html. Rellena solo las celdas amarillas. Las azules vienen de CODESYS o se calculan solas. La fila EJEMPLO no se analiza.
A4: Código | B4: Resultado en CODESYS (automático) | C4: Corrección funcional (0–3) | D4: Cumplimiento IEC (0–3) | E4: Coherencia lógica (0–3) | F4: Claridad estructural (0–3) | G4: Mantenibilidad (0–3) | H4: Total (0–15) | I4: Justificación: corrección funcional / IEC | J4: Justificación: coherencia | K4: Justificación: claridad | L4: Justificación: mantenibilidad | M4: Observaciones | N4: Estado
A5: EJEMPLO | B5: Compila. Falla 2 de 7 pasos del harness (pasos 3,5; numerados desde 0). | C5: 1 | D5: 2 | E5: 2 | F5: 2 | G5: 1 | H5: =IF(COUNT(C5:G5)=5,SUM(C5:G5),"") -> 8 | I5: Arranca y para, pero rearranca solo tras la emergencia. | J5: Sin contradicciones; transiciones completas. | K5: Nombres claros, comentarios útiles. | L5: El tiempo está escrito como literal en dos sitios. | N5: =IF(COUNT(C5:G5)=5,"Completa","Falta") -> Completa
A6: B6-4934 | B6: Compila. Falla 1 de 3 pasos del harness (pasos 1; numerados desde 0). | H6: =IF(COUNT(C6:G6)=5,SUM(C6:G6),"") | N6: =IF(COUNT(C6:G6)=5,"Completa","Falta") -> Falta
A7: B6-2374 | B7: Compila. Falla 1 de 3 pasos del harness (pasos 1; numerados desde 0). | H7: =IF(COUNT(C7:G7)=5,SUM(C7:G7),"") | N7: =IF(COUNT(C7:G7)=5,"Completa","Falta") -> Falta
A8: B6-5301 | B8: Compila. Pasa los 3 pasos del harness. | C8: 3 | H8: =IF(COUNT(C8:G8)=5,SUM(C8:G8),"") | N8: =IF(COUNT(C8:G8)=5,"Completa","Falta") -> Falta
A9: B6-5850 | B9: Compila. Pasa los 3 pasos del harness. | C9: 3 | H9: =IF(COUNT(C9:G9)=5,SUM(C9:G9),"") | N9: =IF(COUNT(C9:G9)=5,"Completa","Falta") -> Falta
A10: B6-8282 | B10: Compila. Pasa los 3 pasos del harness. | C10: 3 | H10: =IF(COUNT(C10:G10)=5,SUM(C10:G10),"") | N10: =IF(COUNT(C10:G10)=5,"Completa","Falta") -> Falta
A11: B6-1513 | B11: Compila. Falla 1 de 3 pasos del harness (pasos 1; numerados desde 0). | H11: =IF(COUNT(C11:G11)=5,SUM(C11:G11),"") | N11: =IF(COUNT(C11:G11)=5,"Completa","Falta") -> Falta
A12: B6-5704 | B12: Compila. Falla 1 de 3 pasos del harness (pasos 1; numerados desde 0). | H12: =IF(COUNT(C12:G12)=5,SUM(C12:G12),"") | N12: =IF(COUNT(C12:G12)=5,"Completa","Falta") -> Falta
A13: B6-2528 | B13: Compila. Pasa los 3 pasos del harness. | C13: 3 | H13: =IF(COUNT(C13:G13)=5,SUM(C13:G13),"") | N13: =IF(COUNT(C13:G13)=5,"Completa","Falta") -> Falta
A14: B6-6083 | B14: Compila. Pasa los 3 pasos del harness. | C14: 3 | H14: =IF(COUNT(C14:G14)=5,SUM(C14:G14),"") | N14: =IF(COUNT(C14:G14)=5,"Completa","Falta") -> Falta
A15: B6-8430 | B15: Compila. Pasa los 3 pasos del harness. | C15: 3 | H15: =IF(COUNT(C15:G15)=5,SUM(C15:G15),"") | N15: =IF(COUNT(C15:G15)=5,"Completa","Falta") -> Falta
A16: B6-6488 | B16: Compila. Pasa los 3 pasos del harness. | C16: 3 | H16: =IF(COUNT(C16:G16)=5,SUM(C16:G16),"") | N16: =IF(COUNT(C16:G16)=5,"Completa","Falta") -> Falta
A17: B6-9731 | B17: Compila. Falla 1 de 3 pasos del harness (pasos 1; numerados desde 0). | H17: =IF(COUNT(C17:G17)=5,SUM(C17:G17),"") | N17: =IF(COUNT(C17:G17)=5,"Completa","Falta") -> Falta
A18: B6-2737 | B18: Compila. Pasa los 3 pasos del harness. | C18: 3 | H18: =IF(COUNT(C18:G18)=5,SUM(C18:G18),"") | N18: =IF(COUNT(C18:G18)=5,"Completa","Falta") -> Falta
A19: B6-7900 | B19: Compila. Falla 1 de 3 pasos del harness (pasos 1; numerados desde 0). | H19: =IF(COUNT(C19:G19)=5,SUM(C19:G19),"") | N19: =IF(COUNT(C19:G19)=5,"Completa","Falta") -> Falta
A20: B6-3083 | B20: Compila. Pasa los 3 pasos del harness. | C20: 3 | H20: =IF(COUNT(C20:G20)=5,SUM(C20:G20),"") | N20: =IF(COUNT(C20:G20)=5,"Completa","Falta") -> Falta
A21: B6-2545 | B21: Compila. Pasa los 3 pasos del harness. | C21: 3 | H21: =IF(COUNT(C21:G21)=5,SUM(C21:G21),"") | N21: =IF(COUNT(C21:G21)=5,"Completa","Falta") -> Falta
A22: B6-7904 | B22: Compila. Pasa los 3 pasos del harness. | C22: 3 | H22: =IF(COUNT(C22:G22)=5,SUM(C22:G22),"") | N22: =IF(COUNT(C22:G22)=5,"Completa","Falta") -> Falta
A23: B6-5267 | B23: Compila. Pasa los 3 pasos del harness. | C23: 3 | H23: =IF(COUNT(C23:G23)=5,SUM(C23:G23),"") | N23: =IF(COUNT(C23:G23)=5,"Completa","Falta") -> Falta
A24: B6-2365 | B24: Compila. Pasa los 3 pasos del harness. | C24: 3 | H24: =IF(COUNT(C24:G24)=5,SUM(C24:G24),"") | N24: =IF(COUNT(C24:G24)=5,"Completa","Falta") -> Falta
A25: B6-3667 | B25: Compila. Pasa los 3 pasos del harness. | C25: 3 | H25: =IF(COUNT(C25:G25)=5,SUM(C25:G25),"") | N25: =IF(COUNT(C25:G25)=5,"Completa","Falta") -> Falta
A26: B6-7194 | B26: Compila. Pasa los 3 pasos del harness. | C26: 3 | H26: =IF(COUNT(C26:G26)=5,SUM(C26:G26),"") | N26: =IF(COUNT(C26:G26)=5,"Completa","Falta") -> Falta
A27: B6-1976 | B27: Compila. Pasa los 3 pasos del harness. | C27: 3 | H27: =IF(COUNT(C27:G27)=5,SUM(C27:G27),"") | N27: =IF(COUNT(C27:G27)=5,"Completa","Falta") -> Falta
A28: B6-9476 | B28: Compila. Falla 1 de 3 pasos del harness (pasos 1; numerados desde 0). | H28: =IF(COUNT(C28:G28)=5,SUM(C28:G28),"") | N28: =IF(COUNT(C28:G28)=5,"Completa","Falta") -> Falta
A29: B6-1094 | B29: Compila. Pasa los 3 pasos del harness. | C29: 3 | H29: =IF(COUNT(C29:G29)=5,SUM(C29:G29),"") | N29: =IF(COUNT(C29:G29)=5,"Completa","Falta") -> Falta

Sheet B7
A1: B7 — Selector manual/automático (POU a elección) (Basico)
A2: Lee cada respuesta por su código en respuestas/Respuestas_B7.html. Rellena solo las celdas amarillas. Las azules vienen de CODESYS o se calculan solas. La fila EJEMPLO no se analiza.
A4: Código | B4: Resultado en CODESYS (automático) | C4: Corrección funcional (0–3) | D4: Cumplimiento IEC (0–3) | E4: Coherencia lógica (0–3) | F4: Claridad estructural (0–3) | G4: Mantenibilidad (0–3) | H4: Total (0–15) | I4: Justificación: corrección funcional / IEC | J4: Justificación: coherencia | K4: Justificación: claridad | L4: Justificación: mantenibilidad | M4: Observaciones | N4: Estado
A5: EJEMPLO | B5: Compila. Falla 2 de 7 pasos del harness (pasos 3,5; numerados desde 0). | C5: 1 | D5: 2 | E5: 2 | F5: 2 | G5: 1 | H5: =IF(COUNT(C5:G5)=5,SUM(C5:G5),"") -> 8 | I5: Arranca y para, pero rearranca solo tras la emergencia. | J5: Sin contradicciones; transiciones completas. | K5: Nombres claros, comentarios útiles. | L5: El tiempo está escrito como literal en dos sitios. | N5: =IF(COUNT(C5:G5)=5,"Completa","Falta") -> Completa
A6: B7-9815 | B6: Compila. Pasa los 10 pasos del harness. | C6: 3 | H6: =IF(COUNT(C6:G6)=5,SUM(C6:G6),"") | N6: =IF(COUNT(C6:G6)=5,"Completa","Falta") -> Falta
A7: B7-2790 | B7: Compila. Pasa los 10 pasos del harness. | C7: 3 | H7: =IF(COUNT(C7:G7)=5,SUM(C7:G7),"") | N7: =IF(COUNT(C7:G7)=5,"Completa","Falta") -> Falta
A8: B7-2011 | B8: Compila. Pasa los 10 pasos del harness. | C8: 3 | H8: =IF(COUNT(C8:G8)=5,SUM(C8:G8),"") | N8: =IF(COUNT(C8:G8)=5,"Completa","Falta") -> Falta
A9: B7-9657 | B9: Compila. Pasa los 10 pasos del harness. | C9: 3 | H9: =IF(COUNT(C9:G9)=5,SUM(C9:G9),"") | N9: =IF(COUNT(C9:G9)=5,"Completa","Falta") -> Falta
A10: B7-9128 | B10: Compila. Pasa los 10 pasos del harness. | C10: 3 | H10: =IF(COUNT(C10:G10)=5,SUM(C10:G10),"") | N10: =IF(COUNT(C10:G10)=5,"Completa","Falta") -> Falta
A11: B7-4683 | B11: Compila. Pasa los 10 pasos del harness. | C11: 3 | H11: =IF(COUNT(C11:G11)=5,SUM(C11:G11),"") | N11: =IF(COUNT(C11:G11)=5,"Completa","Falta") -> Falta
A12: B7-2454 | B12: Compila. Pasa los 10 pasos del harness. | C12: 3 | H12: =IF(COUNT(C12:G12)=5,SUM(C12:G12),"") | N12: =IF(COUNT(C12:G12)=5,"Completa","Falta") -> Falta
A13: B7-5501 | B13: Compila. Pasa los 10 pasos del harness. | C13: 3 | H13: =IF(COUNT(C13:G13)=5,SUM(C13:G13),"") | N13: =IF(COUNT(C13:G13)=5,"Completa","Falta") -> Falta
A14: B7-1125 | B14: Compila. Pasa los 10 pasos del harness. | C14: 3 | H14: =IF(COUNT(C14:G14)=5,SUM(C14:G14),"") | N14: =IF(COUNT(C14:G14)=5,"Completa","Falta") -> Falta
A15: B7-3058 | B15: Compila. Pasa los 10 pasos del harness. | C15: 3 | H15: =IF(COUNT(C15:G15)=5,SUM(C15:G15),"") | N15: =IF(COUNT(C15:G15)=5,"Completa","Falta") -> Falta
A16: B7-1392 | B16: Compila. Pasa los 10 pasos del harness. | C16: 3 | H16: =IF(COUNT(C16:G16)=5,SUM(C16:G16),"") | N16: =IF(COUNT(C16:G16)=5,"Completa","Falta") -> Falta
A17: B7-8494 | B17: Compila. Pasa los 10 pasos del harness. | C17: 3 | H17: =IF(COUNT(C17:G17)=5,SUM(C17:G17),"") | N17: =IF(COUNT(C17:G17)=5,"Completa","Falta") -> Falta
... A20: B7-1829 | B20: Compila. Pasa los 10 pasos del harness. | C20: 3 | H20: =IF(COUNT(C20:G20)=5,SUM(C20:G20),"") | N20: =IF(COUNT(C20:G20)=5,"Completa","Falta") -> Falta
A21: B7-4839 | B21: Compila sola, pero no se pudo simular: declara las entradas donde el harness no puede escribirlas ('modoAuto' no es ninguna entrada de 'SELBOMBA'). | H21: =IF(COUNT(C21:G21)=5,SUM(C21:G21),"") | N21: =IF(COUNT(C21:G21)=5,"Completa","Falta") -> Falta
A22: B7-7130 | B22: Compila. Pasa los 10 pasos del harness. | C22: 3 | H22: =IF(COUNT(C22:G22)=5,SUM(C22:G22),"") | N22: =IF(COUNT(C22:G22)=5,"Completa","Falta") -> Falta
A23: B7-3281 | B23: Compila. Pasa los 10 pasos del harness. | C23: 3 | H23: =IF(COUNT(C23:G23)=5,SUM(C23:G23),"") | N23: =IF(COUNT(C23:G23)=5,"Completa","Falta") -> Falta
A24: B7-2340 | B24: Compila sola, pero no se pudo simular: declara las entradas donde el harness no puede escribirlas ('modoAuto' no es ninguna entrada de 'SELBOMBA'). | H24: =IF(COUNT(C24:G24)=5,SUM(C24:G24),"") | N24: =IF(COUNT(C24:G24)=5,"Completa","Falta") -> Falta
A25: B7-9455 | B25: Compila. Pasa los 10 pasos del harness. | C25: 3 | H25: =IF(COUNT(C25:G25)=5,SUM(C25:G25),"") | N25: =IF(COUNT(C25:G25)=5,"Completa","Falta") -> Falta
A26: B7-4620 | B26: Compila sola, pero no se pudo simular: declara las entradas donde el harness no puede escribirlas ('modoAuto' no es ninguna entrada de 'SELBOMBA'). | H26: =IF(COUNT(C26:G26)=5,SUM(C26:G26),"") | N26: =IF(COUNT(C26:G26)=5,"Completa","Falta") -> Falta
A27: B7-4833 | B27: Compila. Pasa los 10 pasos del harness. | C27: 3 | H27: =IF(COUNT(C27:G27)=5,SUM(C27:G27),"") | N27: =IF(COUNT(C27:G27)=5,"Completa","Falta") -> Falta
A28: B7-3239 | B28: Compila. Pasa los 10 pasos del harness. | C28: 3 | H28: =IF(COUNT(C28:G28)=5,SUM(C28:G28),"") | N28: =IF(COUNT(C28:G28)=5,"Completa","Falta") -> Falta
A29: B7-6425 | B29: Compila sola, pero no se pudo simular: declara las entradas donde el harness no puede escribirlas ('modoAuto' no es ninguna entrada de 'SELBOMBA'). | H29: =IF(COUNT(C29:G29)=5,SUM(C29:G29),"") | N29: =IF(COUNT(C29:G29)=5,"Completa","Falta") -> Falta

Sheet B8
A1: B8 — Conteo de eventos por flanco (Basico)
A2: Lee cada respuesta por su código en respuestas/Respuestas_B8.html. Rellena solo las celdas amarillas. Las azules vienen de CODESYS o se calculan solas. La fila EJEMPLO no se analiza.
A4: Código | B4: Resultado en CODESYS (automático) | C4: Corrección funcional (0–3) | D4: Cumplimiento IEC (0–3) | E4: Coherencia lógica (0–3) | F4: Claridad estructural (0–3) | G4: Mantenibilidad (0–3) | H4: Total (0–15) | I4: Justificación: corrección funcional / IEC | J4: Justificación: coherencia | K4: Justificación: claridad | L4: Justificación: mantenibilidad | M4: Observaciones | N4: Estado
A5: EJEMPLO | B5: Compila. Falla 2 de 7 pasos del harness (pasos 3,5; numerados desde 0). | C5: 1 | D5: 2 | E5: 2 | F5: 2 | G5: 1 | H5: =IF(COUNT(C5:G5)=5,SUM(C5:G5),"") -> 8 | I5: Arranca y para, pero rearranca solo tras la emergencia. | J5: Sin contradicciones; transiciones completas. | K5: Nombres claros, comentarios útiles. | L5: El tiempo está escrito como literal en dos sitios. | N5: =IF(COUNT(C5:G5)=5,"Completa","Falta") -> Completa
A6: B8-2855 | B6: Compila. Pasa los 9 pasos del harness. | C6: 3 | H6: =IF(COUNT(C6:G6)=5,SUM(C6:G6),"") | N6: =IF(COUNT(C6:G6)=5,"Completa","Falta") -> Falta
A7: B8-2057 | B7: Compila. Falla 7 de 9 pasos del harness (pasos 1,2,3,4,5,6,8; numerados desde 0). | H7: =IF(COUNT(C7:G7)=5,SUM(C7:G7),"") | N7: =IF(COUNT(C7:G7)=5,"Completa","Falta") -> Falta
A8: B8-3959 | B8: Compila. Pasa los 9 pasos del harness. | C8: 3 | H8: =IF(COUNT(C8:G8)=5,SUM(C8:G8),"") | N8: =IF(COUNT(C8:G8)=5,"Completa","Falta") -> Falta
A9: B8-6962 | B9: Compila. Pasa los 9 pasos del harness. | C9: 3 | H9: =IF(COUNT(C9:G9)=5,SUM(C9:G9),"") | N9: =IF(COUNT(C9:G9)=5,"Completa","Falta") -> Falta
A10: B8-4908 | B10: Compila. Pasa los 9 pasos del harness. | C10: 3 | H10: =IF(COUNT(C10:G10)=5,SUM(C10:G10),"") | N10: =IF(COUNT(C10:G10)=5,"Completa","Falta") -> Falta
A11: B8-3439 | B11: Compila. Pasa los 9 pasos del harness. | C11: 3 | H11: =IF(COUNT(C11:G11)=5,SUM(C11:G11),"") | N11: =IF(COUNT(C11:G11)=5,"Completa","Falta") -> Falta
A12: B8-1092 | B12: Compila. Pasa los 9 pasos del harness. | C12: 3 | H12: =IF(COUNT(C12:G12)=5,SUM(C12:G12),"") | N12: =IF(COUNT(C12:G12)=5,"Completa","Falta") -> Falta
A13: B8-3080 | B13: Compila. Pasa los 9 pasos del harness. | C13: 3 | H13: =IF(COUNT(C13:G13)=5,SUM(C13:G13),"") | N13: =IF(COUNT(C13:G13)=5,"Completa","Falta") -> Falta
A14: B8-6589 | B14: Compila. Pasa los 9 pasos del harness. | C14: 3 | H14: =IF(COUNT(C14:G14)=5,SUM(C14:G14),"") | N14: =IF(COUNT(C14:G14)=5,"Completa","Falta") -> Falta
A15: B8-2238 | B15: Compila. Pasa los 9 pasos del harness. | C15: 3 | H15: =IF(COUNT(C15:G15)=5,SUM(C15:G15),"") | N15: =IF(COUNT(C15:G15)=5,"Completa","Falta") -> Falta
A16: B8-4457 | B16: Compila. Pasa los 9 pasos del harness. | C16: 3 | H16: =IF(COUNT(C16:G16)=5,SUM(C16:G16),"") | N16: =IF(COUNT(C16:G16)=5,"Completa","Falta") -> Falta
A17: B8-7031 | B17: Compila. Pasa los 9 pasos del harness. | C17: 3 | H17: =IF(COUNT(C17:G17)=5,SUM(C17:G17),"") | N17: =IF(COUNT(C17:G17)=5,"Completa","Falta") -> Falta
A18: B8-9508 | B18: Compila. Pasa los 9 pasos del harness. | C18: 3 | H18: =IF(COUNT(C18:G18)=5,SUM(C18:G18),"") | N18: =IF(COUNT(C18:G18)=5,"Completa","Falta") -> Falta
A19: B8-3862 | B19: Compila. Pasa los 9 pasos del harness. | C19: 3 | H19: =IF(COUNT(C19:G19)=5,SUM(C19:G19),"") | N19: =IF(COUNT(C19:G19)=5,"Completa","Falta") -> Falta
... A29: B8-2626 | B29: Compila. Pasa los 9 pasos del harness. | C29: 3 | H29: =IF(COUNT(C29:G29)=5,SUM(C29:G29),"") | N29: =IF(COUNT(C29:G29)=5,"Completa","Falta") -> Falta

Sheet I1
A1: I1 — Semáforo con secuencia temporizada (Intermedio)
A2: Lee cada respuesta por su código en respuestas/Respuestas_I1.html. Rellena solo las celdas amarillas. Las azules vienen de CODESYS o se calculan solas. La fila EJEMPLO no se analiza.
A4: Código | B4: Resultado en CODESYS (automático) | C4: Corrección funcional (0–3) | D4: Cumplimiento IEC (0–3) | E4: Coherencia lógica (0–3) | F4: Claridad estructural (0–3) | G4: Mantenibilidad (0–3) | H4: Total (0–15) | I4: Justificación: corrección funcional / IEC | J4: Justificación: coherencia | K4: Justificación: claridad | L4: Justificación: mantenibilidad | M4: Observaciones | N4: Estado
A5: EJEMPLO | B5: Compila. Falla 2 de 7 pasos del harness (pasos 3,5; numerados desde 0). | C5: 1 | D5: 2 | E5: 2 | F5: 2 | G5: 1 | H5: =IF(COUNT(C5:G5)=5,SUM(C5:G5),"") -> 8 | I5: Arranca y para, pero rearranca solo tras la emergencia. | J5: Sin contradicciones; transiciones completas. | K5: Nombres claros, comentarios útiles. | L5: El tiempo está escrito como literal en dos sitios. | N5: =IF(COUNT(C5:G5)=5,"Completa","Falta") -> Completa
A6: I1-2135 | B6: Compila. Pasa los 9 pasos del harness. | C6: 3 | H6: =IF(COUNT(C6:G6)=5,SUM(C6:G6),"") | N6: =IF(COUNT(C6:G6)=5,"Completa","Falta") -> Falta
A7: I1-7364 | B7: Compila. Falla 6 de 9 pasos del harness (pasos 0,2,3,6,7,8; numerados desde 0). | H7: =IF(COUNT(C7:G7)=5,SUM(C7:G7),"") | N7: =IF(COUNT(C7:G7)=5,"Completa","Falta") -> Falta
A8: I1-5111 | B8: Compila. Falla 1 de 9 pasos del harness (pasos 7; numerados desde 0). | H8: =IF(COUNT(C8:G8)=5,SUM(C8:G8),"") | N8: =IF(COUNT(C8:G8)=5,"Completa","Falta") -> Falta
A9: I1-7969 | B9: Compila. Falla 7 de 9 pasos del harness (pasos 2,3,4,5,6,7,8; numerados desde 0). | H9: =IF(COUNT(C9:G9)=5,SUM(C9:G9),"") | N9: =IF(COUNT(C9:G9)=5,"Completa","Falta") -> Falta
A10: I1-5434 | B10: Compila. Pasa los 9 pasos del harness. | C10: 3 | H10: =IF(COUNT(C10:G10)=5,SUM(C10:G10),"") | N10: =IF(COUNT(C10:G10)=5,"Completa","Falta") -> Falta
A11: I1-7084 | B11: Compila. Pasa los 9 pasos del harness. | C11: 3 | H11: =IF(COUNT(C11:G11)=5,SUM(C11:G11),"") | N11: =IF(COUNT(C11:G11)=5,"Completa","Falta") -> Falta
A12: I1-2168 | B12: Compila. Pasa los 9 pasos del harness. | C12: 3 | H12: =IF(COUNT(C12:G12)=5,SUM(C12:G12),"") | N12: =IF(COUNT(C12:G12)=5,"Completa","Falta") -> Falta
A13: I1-3359 | B13: Compila. Pasa los 9 pasos del harness. | C13: 3 | H13: =IF(COUNT(C13:G13)=5,SUM(C13:G13),"") | N13: =IF(COUNT(C13:G13)=5,"Completa","Falta") -> Falta
A14: I1-8741 | B14: Compila sola, pero no se pudo simular: declara las entradas donde el harness no puede escribirlas ('habilitado' no es ninguna entrada de 'FB_SEMAFORO'). | H14: =IF(COUNT(C14:G14)=5,SUM(C14:G14),"") | N14: =IF(COUNT(C14:G14)=5,"Completa","Falta") -> Falta
A15: I1-4990 | B15: Compila. Falla 1 de 9 pasos del harness (pasos 7; numerados desde 0). | H15: =IF(COUNT(C15:G15)=5,SUM(C15:G15),"") | N15: =IF(COUNT(C15:G15)=5,"Completa","Falta") -> Falta
A16: I1-8830 | B16: Compila. Pasa los 9 pasos del harness. | C16: 3 | H16: =IF(COUNT(C16:G16)=5,SUM(C16:G16),"") | N16: =IF(COUNT(C16:G16)=5,"Completa","Falta") -> Falta
A17: I1-7322 | B17: Compila. Pasa los 9 pasos del harness. | C17: 3 | H17: =IF(COUNT(C17:G17)=5,SUM(C17:G17),"") | N17: =IF(COUNT(C17:G17)=5,"Completa","Falta") -> Falta
A18: I1-3250 | B18: Compila. Pasa los 9 pasos del harness. | C18: 3 | H18: =IF(COUNT(C18:G18)=5,SUM(C18:G18),"") | N18: =IF(COUNT(C18:G18)=5,"Completa","Falta") -> Falta
A19: I1-3464 | B19: Compila. Pasa los 9 pasos del harness. | C19: 3 | H19: =IF(COUNT(C19:G19)=5,SUM(C19:G19),"") | N19: =IF(COUNT(C19:G19)=5,"Completa","Falta") -> Falta
A20: I1-8420 | B20: Compila. Falla 8 de 9 pasos del harness (pasos 1,2,3,4,5,6,7,8; numerados desde 0). | H20: =IF(COUNT(C20:G20)=5,SUM(C20:G20),"") | N20: =IF(COUNT(C20:G20)=5,"Completa","Falta") -> Falta
A21: I1-5295 | B21: Compila. Falla 7 de 9 pasos del harness (pasos 2,3,4,5,6,7,8; numerados desde 0). | H21: =IF(COUNT(C21:G21)=5,SUM(C21:G21),"") | N21: =IF(COUNT(C21:G21)=5,"Completa","Falta") -> Falta
A22: I1-8541 | B22: Compila. Pasa los 9 pasos del harness. | C22: 3 | H22: =IF(COUNT(C22:G22)=5,SUM(C22:G22),"") | N22: =IF(COUNT(C22:G22)=5,"Completa","Falta") -> Falta
A23: I1-4916 | B23: No compila (20 errores). | C23: 0 | D23: 0 | H23: =IF(COUNT(C23:G23)=5,SUM(C23:G23),"") | N23: =IF(COUNT(C23:G23)=5,"Completa","Falta") -> Falta
A24: I1-5056 | B24: Compila. Falla 1 de 9 pasos del harness (pasos 7; numerados desde 0). | H24: =IF(COUNT(C24:G24)=5,SUM(C24:G24),"") | N24: =IF(COUNT(C24:G24)=5,"Completa","Falta") -> Falta
A25: I1-1955 | B25: Compila. Falla 7 de 9 pasos del harness (pasos 2,3,4,5,6,7,8; numerados desde 0). | H25: =IF(COUNT(C25:G25)=5,SUM(C25:G25),"") | N25: =IF(COUNT(C25:G25)=5,"Completa","Falta") -> Falta
A26: I1-8761 | B26: Compila. Falla 6 de 9 pasos del harness (pasos 0,2,3,5,6,7; numerados desde 0). | H26: =IF(COUNT(C26:G26)=5,SUM(C26:G26),"") | N26: =IF(COUNT(C26:G26)=5,"Completa","Falta") -> Falta
A27: I1-4511 | B27: Compila. Pasa los 9 pasos del harness. | C27: 3 | H27: =IF(COUNT(C27:G27)=5,SUM(C27:G27),"") | N27: =IF(COUNT(C27:G27)=5,"Completa","Falta") -> Falta
A28: I1-4945 | B28: No compila (20 errores). | C28: 0 | D28: 0 | H28: =IF(COUNT(C28:G28)=5,SUM(C28:G28),"") | N28: =IF(COUNT(C28:G28)=5,"Completa","Falta") -> Falta
A29: I1-3124 | B29: Compila. Falla 1 de 9 pasos del harness (pasos 7; numerados desde 0). | H29: =IF(COUNT(C29:G29)=5,SUM(C29:G29),"") | N29: =IF(COUNT(C29:G29)=5,"Completa","Falta") -> Falta

Sheet I2
A1: I2 — FSM de llenado multietapa (Intermedio)
A2: Lee cada respuesta por su código en respuestas/Respuestas_I2.html. Rellena solo las celdas amarillas. Las azules vienen de CODESYS o se calculan solas. La fila EJEMPLO no se analiza.
A4: Código | B4: Resultado en CODESYS (automático) | C4: Corrección funcional (0–3) | D4: Cumplimiento IEC (0–3) | E4: Coherencia lógica (0–3) | F4: Claridad estructural (0–3) | G4: Mantenibilidad (0–3) | H4: Total (0–15) | I4: Justificación: corrección funcional / IEC | J4: Justificación: coherencia | K4: Justificación: claridad | L4: Justificación: mantenibilidad | M4: Observaciones | N4: Estado
A5: EJEMPLO | B5: Compila. Falla 2 de 7 pasos del harness (pasos 3,5; numerados desde 0). | C5: 1 | D5: 2 | E5: 2 | F5: 2 | G5: 1 | H5: =IF(COUNT(C5:G5)=5,SUM(C5:G5),"") -> 8 | I5: Arranca y para, pero rearranca solo tras la emergencia. | J5: Sin contradicciones; transiciones completas. | K5: Nombres claros, comentarios útiles. | L5: El tiempo está escrito como literal en dos sitios. | N5: =IF(COUNT(C5:G5)=5,"Completa","Falta") -> Completa
A6: I2-2212 | B6: Compila. Falla 4 de 12 pasos del harness (pasos 4,5,6,9; numerados desde 0). | H6: =IF(COUNT(C6:G6)=5,SUM(C6:G6),"") | N6: =IF(COUNT(C6:G6)=5,"Completa","Falta") -> Falta
A7: I2-8131 | B7: Compila. Pasa los 12 pasos del harness. | C7: 3 | H7: =IF(COUNT(C7:G7)=5,SUM(C7:G7),"") | N7: =IF(COUNT(C7:G7)=5,"Completa","Falta") -> Falta
A8: I2-4370 | B8: Compila. Falla 2 de 12 pasos del harness (pasos 2,3; numerados desde 0). | H8: =IF(COUNT(C8:G8)=5,SUM(C8:G8),"") | N8: =IF(COUNT(C8:G8)=5,"Completa","Falta") -> Falta
A9: I2-4324 | B9: Compila. Falla 7 de 12 pasos del harness (pasos 2,3,4,5,6,9,11; numerados desde 0). | H9: =IF(COUNT(C9:G9)=5,SUM(C9:G9),"") | N9: =IF(COUNT(C9:G9)=5,"Completa","Falta") -> Falta
A10: I2-4540 | B10: Compila. Falla 4 de 12 pasos del harness (pasos 2,3,4,9; numerados desde 0). | H10: =IF(COUNT(C10:G10)=5,SUM(C10:G10),"") | N10: =IF(COUNT(C10:G10)=5,"Completa","Falta") -> Falta
A11: I2-3499 | B11: Compila. Pasa los 12 pasos del harness. | C11: 3 | H11: =IF(COUNT(C11:G11)=5,SUM(C11:G11),"") | N11: =IF(COUNT(C11:G11)=5,"Completa","Falta") -> Falta
A12: I2-9002 | B12: Compila. Pasa los 12 pasos del harness. | C12: 3 | H12: =IF(COUNT(C12:G12)=5,SUM(C12:G12),"") | N12: =IF(COUNT(C12:G12)=5,"Completa","Falta") -> Falta
A13: I2-4041 | B13: Compila. Pasa los 12 pasos del harness. | C13: 3 | H13: =IF(COUNT(C13:G13)=5,SUM(C13:G13),"") | N13: =IF(COUNT(C13:G13)=5,"Completa","Falta") -> Falta
A14: I2-9360 | B14: Compila. Pasa los 12 pasos del harness. | C14: 3 | H14: =IF(COUNT(C14:G14)=5,SUM(C14:G14),"") | N14: =IF(COUNT(C14:G14)=5,"Completa","Falta") -> Falta
A15: I2-4337 | B15: Compila. Falla 2 de 12 pasos del harness (pasos 2,3; numerados desde 0). | H15: =IF(COUNT(C15:G15)=5,SUM(C15:G15),"") | N15: =IF(COUNT(C15:G15)=5,"Completa","Falta") -> Falta
A16: I2-3432 | B16: Compila sola, pero no se pudo simular: declara las entradas donde el harness no puede escribirlas ('nivelAlto' no es ninguna entrada de 'FB_LLENADO'). | H16: =IF(COUNT(C16:G16)=5,SUM(C16:G16),"") | N16: =IF(COUNT(C16:G16)=5,"Completa","Falta") -> Falta
A17: I2-3102 | B17: No compila (2 errores). | C17: 0 | D17: 0 | H17: =IF(COUNT(C17:G17)=5,SUM(C17:G17),"") | N17: =IF(COUNT(C17:G17)=5,"Completa","Falta") -> Falta
A18: I2-7023 | B18: Compila. Pasa los 12 pasos del harness. | C18: 3 | H18: =IF(COUNT(C18:G18)=5,SUM(C18:G18),"") | N18: =IF(COUNT(C18:G18)=5,"Completa","Falta") -> Falta
A19: I2-4582 | B19: Compila. Pasa los 12 pasos del harness. | C19: 3 | H19: =IF(COUNT(C19:G19)=5,SUM(C19:G19),"") | N19: =IF(COUNT(C19:G19)=5,"Completa","Falta") -> Falta
A20: I2-9998 | B20: Compila. Pasa los 12 pasos del harness. | C20: 3 | H20: =IF(COUNT(C20:G20)=5,SUM(C20:G20),"") | N20: =IF(COUNT(C20:G20)=5,"Completa","Falta") -> Falta
A21: I2-3377 | B21: Compila sola, pero no se pudo simular: declara las entradas donde el harness no puede escribirlas ('nivelAlto' no es ninguna entrada de 'FB_LLENADO'). | H21: =IF(COUNT(C21:G21)=5,SUM(C21:G21),"") | N21: =IF(COUNT(C21:G21)=5,"Completa","Falta") -> Falta
A22: I2-1039 | B22: Compila. Falla 5 de 12 pasos del harness (pasos 2,3,4,5,9; numerados desde 0). | H22: =IF(COUNT(C22:G22)=5,SUM(C22:G22),"") | N22: =IF(COUNT(C22:G22)=5,"Completa","Falta") -> Falta
A23: I2-2195 | B23: Compila. Falla 3 de 12 pasos del harness (pasos 4,5,6; numerados desde 0). | H23: =IF(COUNT(C23:G23)=5,SUM(C23:G23),"") | N23: =IF(COUNT(C23:G23)=5,"Completa","Falta") -> Falta
A24: I2-5294 | B24: Compila. Pasa los 12 pasos del harness. | C24: 3 | H24: =IF(COUNT(C24:G24)=5,SUM(C24:G24),"") | N24: =IF(COUNT(C24:G24)=5,"Completa","Falta") -> Falta
A25: I2-5330 | B25: Compila. Pasa los 12 pasos del harness. | C25: 3 | H25: =IF(COUNT(C25:G25)=5,SUM(C25:G25),"") | N25: =IF(COUNT(C25:G25)=5,"Completa","Falta") -> Falta
A26: I2-9686 | B26: Compila. Falla 3 de 12 pasos del harness (pasos 4,5,6; numerados desde 0). | H26: =IF(COUNT(C26:G26)=5,SUM(C26:G26),"") | N26: =IF(COUNT(C26:G26)=5,"Completa","Falta") -> Falta
A27: I2-7180 | B27: Compila. Falla 3 de 12 pasos del harness (pasos 4,5,6; numerados desde 0). | H27: =IF(COUNT(C27:G27)=5,SUM(C27:G27),"") | N27: =IF(COUNT(C27:G27)=5,"Completa","Falta") -> Falta
A28: I2-8425 | B28: Compila. Pasa los 12 pasos del harness. | C28: 3 | H28: =IF(COUNT(C28:G28)=5,SUM(C28:G28),"") | N28: =IF(COUNT(C28:G28)=5,"Completa","Falta") -> Falta
A29: I2-6794 | B29: Compila. Falla 3 de 12 pasos del harness (pasos 2,3,9; numerados desde 0). | H29: =IF(COUNT(C29:G29)=5,SUM(C29:G29),"") | N29: =IF(COUNT(C29:G29)=5,"Completa","Falta") -> Falta

Sheet I3
A1: I3 — Gestión de alarmas con prioridad (Intermedio)
A2: Lee cada respuesta por su código en respuestas/Respuestas_I3.html. Rellena solo las celdas amarillas. Las azules vienen de CODESYS o se calculan solas. La fila EJEMPLO no se analiza.
A4: Código | B4: Resultado en CODESYS (automático) | C4: Corrección funcional (0–3) | D4: Cumplimiento IEC (0–3) | E4: Coherencia lógica (0–3) | F4: Claridad estructural (0–3) | G4: Mantenibilidad (0–3) | H4: Total (0–15) | I4: Justificación: corrección funcional / IEC | J4: Justificación: coherencia | K4: Justificación: claridad | L4: Justificación: mantenibilidad | M4: Observaciones | N4: Estado
A5: EJEMPLO | B5: Compila. Falla 2 de 7 pasos del harness (pasos 3,5; numerados desde 0). | C5: 1 | D5: 2 | E5: 2 | F5: 2 | G5: 1 | H5: =IF(COUNT(C5:G5)=5,SUM(C5:G5),"") -> 8 | I5: Arranca y para, pero rearranca solo tras la emergencia. | J5: Sin contradicciones; transiciones completas. | K5: Nombres claros, comentarios útiles. | L5: El tiempo está escrito como literal en dos sitios. | N5: =IF(COUNT(C5:G5)=5,"Completa","Falta") -> Completa
A6: I3-8823 | B6: Compila. Pasa los 10 pasos del harness. | C6: 3 | H6: =IF(COUNT(C6:G6)=5,SUM(C6:G6),"") | N6: =IF(COUNT(C6:G6)=5,"Completa","Falta") -> Falta
A7: I3-1249 | B7: Compila. Pasa los 10 pasos del harness. | C7: 3 | H7: =IF(COUNT(C7:G7)=5,SUM(C7:G7),"") | N7: =IF(COUNT(C7:G7)=5,"Completa","Falta") -> Falta
A8: I3-2429 | B8: Compila. Pasa los 10 pasos del harness. | C8: 3 | H8: =IF(COUNT(C8:G8)=5,SUM(C8:G8),"") | N8: =IF(COUNT(C8:G8)=5,"Completa","Falta") -> Falta
A9: I3-2584 | B9: Compila. Pasa los 10 pasos del harness. | C9: 3 | H9: =IF(COUNT(C9:G9)=5,SUM(C9:G9),"") | N9: =IF(COUNT(C9:G9)=5,"Completa","Falta") -> Falta
A10: I3-9331 | B10: Compila. Pasa los 10 pasos del harness. | C10: 3 | H10: =IF(COUNT(C10:G10)=5,SUM(C10:G10),"") | N10: =IF(COUNT(C10:G10)=5,"Completa","Falta") -> Falta
A11: I3-6376 | B11: Compila. Falla 2 de 10 pasos del harness (pasos 2,3; numerados desde 0). | H11: =IF(COUNT(C11:G11)=5,SUM(C11:G11),"") | N11: =IF(COUNT(C11:G11)=5,"Completa","Falta") -> Falta
A12: I3-8129 | B12: Compila. Pasa los 10 pasos del harness. | C12: 3 | H12: =IF(COUNT(C12:G12)=5,SUM(C12:G12),"") | N12: =IF(COUNT(C12:G12)=5,"Completa","Falta") -> Falta
A13: I3-2453 | B13: Compila. Pasa los 10 pasos del harness. | C13: 3 | H13: =IF(COUNT(C13:G13)=5,SUM(C13:G13),"") | N13: =IF(COUNT(C13:G13)=5,"Completa","Falta") -> Falta
A14: I3-5104 | B14: Compila. Pasa los 10 pasos del harness. | C14: 3 | H14: =IF(COUNT(C14:G14)=5,SUM(C14:G14),"") | N14: =IF(COUNT(C14:G14)=5,"Completa","Falta") -> Falta
A15: I3-3183 | B15: Compila. Pasa los 10 pasos del harness. | C15: 3 | H15: =IF(COUNT(C15:G15)=5,SUM(C15:G15),"") | N15: =IF(COUNT(C15:G15)=5,"Completa","Falta") -> Falta
A16: I3-8600 | B16: Compila. Pasa los 10 pasos del harness. | C16: 3 | H16: =IF(COUNT(C16:G16)=5,SUM(C16:G16),"") | N16: =IF(COUNT(C16:G16)=5,"Completa","Falta") -> Falta
A17: I3-6496 | B17: Compila. Pasa los 10 pasos del harness. | C17: 3 | H17: =IF(COUNT(C17:G17)=5,SUM(C17:G17),"") | N17: =IF(COUNT(C17:G17)=5,"Completa","Falta") -> Falta
A18: I3-4378 | B18: Compila. Pasa los 10 pasos del harness. | C18: 3 | H18: =IF(COUNT(C18:G18)=5,SUM(C18:G18),"") | N18: =IF(COUNT(C18:G18)=5,"Completa","Falta") -> Falta
A19: I3-1066 | B19: Compila. Pasa los 10 pasos del harness. | C19: 3 | H19: =IF(COUNT(C19:G19)=5,SUM(C19:G19),"") | N19: =IF(COUNT(C19:G19)=5,"Completa","Falta") -> Falta
A20: I3-1113 | B20: Compila. Pasa los 10 pasos del harness. | C20: 3 | H20: =IF(COUNT(C20:G20)=5,SUM(C20:G20),"") | N20: =IF(COUNT(C20:G20)=5,"Completa","Falta") -> Falta
A21: I3-9934 | B21: Compila. Pasa los 10 pasos del harness. | C21: 3 | H21: =IF(COUNT(C21:G21)=5,SUM(C21:G21),"") | N21: =IF(COUNT(C21:G21)=5,"Completa","Falta") -> Falta
A22: I3-7296 | B22: Compila. Pasa los 10 pasos del harness. | C22: 3 | H22: =IF(COUNT(C22:G22)=5,SUM(C22:G22),"") | N22: =IF(COUNT(C22:G22)=5,"Completa","Falta") -> Falta
A23: I3-3545 | B23: Compila. Pasa los 10 pasos del harness. | C23: 3 | H23: =IF(COUNT(C23:G23)=5,SUM(C23:G23),"") | N23: =IF(COUNT(C23:G23)=5,"Completa","Falta") -> Falta
A24: I3-7173 | B24: Compila. Falla 2 de 10 pasos del harness (pasos 2,3; numerados desde 0). | H24: =IF(COUNT(C24:G24)=5,SUM(C24:G24),"") | N24: =IF(COUNT(C24:G24)=5,"Completa","Falta") -> Falta
A25: I3-9721 | B25: Compila. Pasa los 10 pasos del harness. | C25: 3 | H25: =IF(COUNT(C25:G25)=5,SUM(C25:G25),"") | N25: =IF(COUNT(C25:G25)=5,"Completa","Falta") -> Falta
A26: I3-2759 | B26: Compila. Pasa los 10 pasos del harness. | C26: 3 | H26: =IF(COUNT(C26:G26)=5,SUM(C26:G26),"") | N26: =IF(COUNT(C26:G26)=5,"Completa","Falta") -> Falta
A27: I3-4645 | B27: Compila. Pasa los 10 pasos del harness. | C27: 3 | H27: =IF(COUNT(C27:G27)=5,SUM(C27:G27),"") | N27: =IF(COUNT(C27:G27)=5,"Completa","Falta") -> Falta
A28: I3-1393 | B28: Compila. Pasa los 10 pasos del harness. | C28: 3 | H28: =IF(COUNT(C28:G28)=5,SUM(C28:G28),"") | N28: =IF(COUNT(C28:G28)=5,"Completa","Falta") -> Falta
A29: I3-4818 | B29: Compila. Pasa los 10 pasos del harness. | C29: 3 | H29: =IF(COUNT(C29:G29)=5,SUM(C29:G29),"") | N29: =IF(COUNT(C29:G29)=5,"Completa","Falta") -> Falta

Sheet I4
A1: I4 — Arranque estrella-triángulo (Intermedio)
A2: Lee cada respuesta por su código en respuestas/Respuestas_I4.html. Rellena solo las celdas amarillas. Las azules vienen de CODESYS o se calculan solas. La fila EJEMPLO no se analiza.
A4: Código | B4: Resultado en CODESYS (automático) | C4: Corrección funcional (0–3) | D4: Cumplimiento IEC (0–3) | E4: Coherencia lógica (0–3) | F4: Claridad estructural (0–3) | G4: Mantenibilidad (0–3) | H4: Total (0–15) | I4: Justificación: corrección funcional / IEC | J4: Justificación: coherencia | K4: Justificación: claridad | L4: Justificación: mantenibilidad | M4: Observaciones | N4: Estado
A5: EJEMPLO | B5: Compila. Falla 2 de 7 pasos del harness (pasos 3,5; numerados desde 0). | C5: 1 | D5: 2 | E5: 2 | F5: 2 | G5: 1 | H5: =IF(COUNT(C5:G5)=5,SUM(C5:G5),"") -> 8 | I5: Arranca y para, pero rearranca solo tras la emergencia. | J5: Sin contradicciones; transiciones completas. | K5: Nombres claros, comentarios útiles. | L5: El tiempo está escrito como literal en dos sitios. | N5: =IF(COUNT(C5:G5)=5,"Completa","Falta") -> Completa
A6: I4-2611 | B6: Compila. Pasa los 6 pasos del harness. | C6: 3 | H6: =IF(COUNT(C6:G6)=5,SUM(C6:G6),"") | N6: =IF(COUNT(C6:G6)=5,"Completa","Falta") -> Falta
A7: I4-7007 | B7: Compila sola, pero no se pudo simular: declara las entradas donde el harness no puede escribirlas ('btnMarcha' no es ninguna entrada de 'FB_ESTRELLATRIANGULO'). | H7: =IF(COUNT(C7:G7)=5,SUM(C7:G7),"") | N7: =IF(COUNT(C7:G7)=5,"Completa","Falta") -> Falta
A8: I4-5661 | B8: Compila. Falla 2 de 6 pasos del harness (pasos 1,3; numerados desde 0). | H8: =IF(COUNT(C8:G8)=5,SUM(C8:G8),"") | N8: =IF(COUNT(C8:G8)=5,"Completa","Falta") -> Falta
A9: I4-1792 | B9: Compila. Pasa los 6 pasos del harness. | C9: 3 | H9: =IF(COUNT(C9:G9)=5,SUM(C9:G9),"") | N9: =IF(COUNT(C9:G9)=5,"Completa","Falta") -> Falta
A10: I4-7740 | B10: Compila. Falla 3 de 6 pasos del harness (pasos 2,3,4; numerados desde 0). | H10: =IF(COUNT(C10:G10)=5,SUM(C10:G10),"") | N10: =IF(COUNT(C10:G10)=5,"Completa","Falta") -> Falta
A11: I4-3109 | B11: Compila. Falla 3 de 6 pasos del harness (pasos 2,3,5; numerados desde 0). | H11: =IF(COUNT(C11:G11)=5,SUM(C11:G11),"") | N11: =IF(COUNT(C11:G11)=5,"Completa","Falta") -> Falta
A12: I4-4531 | B12: Compila. Pasa los 6 pasos del harness. | C12: 3 | H12: =IF(COUNT(C12:G12)=5,SUM(C12:G12),"") | N12: =IF(COUNT(C12:G12)=5,"Completa","Falta") -> Falta
A13: I4-6607 | B13: Compila. Falla 3 de 6 pasos del harness (pasos 2,3,5; numerados desde 0). | H13: =IF(COUNT(C13:G13)=5,SUM(C13:G13),"") | N13: =IF(COUNT(C13:G13)=5,"Completa","Falta") -> Falta
A14: I4-6264 | B14: Compila. Falla 3 de 6 pasos del harness (pasos 2,3,5; numerados desde 0). | H14: =IF(COUNT(C14:G14)=5,SUM(C14:G14),"") | N14: =IF(COUNT(C14:G14)=5,"Completa","Falta") -> Falta
A15: I4-2405 | B15: Compila. Pasa los 6 pasos del harness. | C15: 3 | H15: =IF(COUNT(C15:G15)=5,SUM(C15:G15),"") | N15: =IF(COUNT(C15:G15)=5,"Completa","Falta") -> Falta
A16: I4-2644 | B16: Compila. Pasa los 6 pasos del harness. | C16: 3 | H16: =IF(COUNT(C16:G16)=5,SUM(C16:G16),"") | N16: =IF(COUNT(C16:G16)=5,"Completa","Falta") -> Falta
A17: I4-1547 | B17: Compila sola, pero no se pudo simular: declara las entradas donde el harness no puede escribirlas ('btnMarcha' no es ninguna entrada de 'FB_ESTRELLATRIANGULO'). | H17: =IF(COUNT(C17:G17)=5,SUM(C17:G17),"") | N17: =IF(COUNT(C17:G17)=5,"Completa","Falta") -> Falta
A18: I4-6164 | B18: No compila (2 errores). | C18: 0 | D18: 0 | H18: =IF(COUNT(C18:G18)=5,SUM(C18:G18),"") | N18: =IF(COUNT(C18:G18)=5,"Completa","Falta") -> Falta
A19: I4-8729 | B19: Compila. Falla 2 de 6 pasos del harness (pasos 2,3; numerados desde 0). | H19: =IF(COUNT(C19:G19)=5,SUM(C19:G19),"") | N19: =IF(COUNT(C19:G19)=5,"Completa","Falta") -> Falta
A20: I4-6563 | B20: Compila. Pasa los 6 pasos del harness. | C20: 3 | H20: =IF(COUNT(C20:G20)=5,SUM(C20:G20),"") | N20: =IF(COUNT(C20:G20)=5,"Completa","Falta") -> Falta
A21: I4-4147 | B21: Compila. Pasa los 6 pasos del harness. | C21: 3 | H21: =IF(COUNT(C21:G21)=5,SUM(C21:G21),"") | N21: =IF(COUNT(C21:G21)=5,"Completa","Falta") -> Falta
A22: I4-3062 | B22: Compila. Falla 2 de 6 pasos del harness (pasos 1,3; numerados desde 0). | H22: =IF(COUNT(C22:G22)=5,SUM(C22:G22),"") | N22: =IF(COUNT(C22:G22)=5,"Completa","Falta") -> Falta
A23: I4-2763 | B23: Compila. Falla 1 de 6 pasos del harness (pasos 5; numerados desde 0). | H23: =IF(COUNT(C23:G23)=5,SUM(C23:G23),"") | N23: =IF(COUNT(C23:G23)=5,"Completa","Falta") -> Falta
A24: I4-8365 | B24: Compila. Pasa los 6 pasos del harness. | C24: 3 | H24: =IF(COUNT(C24:G24)=5,SUM(C24:G24),"") | N24: =IF(COUNT(C24:G24)=5,"Completa","Falta") -> Falta
A25: I4-2920 | B25: Compila. Pasa los 6 pasos del harness. | C25: 3 | H25: =IF(COUNT(C25:G25)=5,SUM(C25:G25),"") | N25: =IF(COUNT(C25:G25)=5,"Completa","Falta") -> Falta
A26: I4-7806 | B26: Compila. Falla 3 de 6 pasos del harness (pasos 2,3,5; numerados desde 0). | H26: =IF(COUNT(C26:G26)=5,SUM(C26:G26),"") | N26: =IF(COUNT(C26:G26)=5,"Completa","Falta") -> Falta
A27: I4-7176 | B27: No compila (2 errores). | C27: 0 | D27: 0 | H27: =IF(COUNT(C27:G27)=5,SUM(C27:G27),"") | N27: =IF(COUNT(C27:G27)=5,"Completa","Falta") -> Falta
A28: I4-8454 | B28: Compila. Pasa los 6 pasos del harness. | C28: 3 | H28: =IF(COUNT(C28:G28)=5,SUM(C28:G28),"") | N28: =IF(COUNT(C28:G28)=5,"Completa","Falta") -> Falta
A29: I4-1208 | B29: Compila. Pasa los 6 pasos del harness. | C29: 3 | H29: =IF(COUNT(C29:G29)=5,SUM(C29:G29),"") | N29: =IF(COUNT(C29:G29)=5,"Completa","Falta") -> Falta

Sheet I5
A1: I5 — Banda con clasificación por sensores (Intermedio)
A2: Lee cada respuesta por su código en respuestas/Respuestas_I5.html. Rellena solo las celdas amarillas. Las azules vienen de CODESYS o se calculan solas. La fila EJEMPLO no se analiza.
A4: Código | B4: Resultado en CODESYS (automático) | C4: Corrección funcional (0–3) | D4: Cumplimiento IEC (0–3) | E4: Coherencia lógica (0–3) | F4: Claridad estructural (0–3) | G4: Mantenibilidad (0–3) | H4: Total (0–15) | I4: Justificación: corrección funcional / IEC | J4: Justificación: coherencia | K4: Justificación: claridad | L4: Justificación: mantenibilidad | M4: Observaciones | N4: Estado
A5: EJEMPLO | B5: Compila. Falla 2 de 7 pasos del harness (pasos 3,5; numerados desde 0). | C5: 1 | D5: 2 | E5: 2 | F5: 2 | G5: 1 | H5: =IF(COUNT(C5:G5)=5,SUM(C5:G5),"") -> 8 | I5: Arranca y para, pero rearranca solo tras la emergencia. | J5: Sin contradicciones; transiciones completas. | K5: Nombres claros, comentarios útiles. | L5: El tiempo está escrito como literal en dos sitios. | N5: =IF(COUNT(C5:G5)=5,"Completa","Falta") -> Completa
A6: I5-9795 | B6: Compila. Pasa los 7 pasos del harness. | C6: 3 | H6: =IF(COUNT(C6:G6)=5,SUM(C6:G6),"") | N6: =IF(COUNT(C6:G6)=5,"Completa","Falta") -> Falta
A7: I5-6031 | B7: Compila. Pasa los 7 pasos del harness. | C7: 3 | H7: =IF(COUNT(C7:G7)=5,SUM(C7:G7),"") | N7: =IF(COUNT(C7:G7)=5,"Completa","Falta") -> Falta
A8: I5-2725 | B8: No compila (4 errores). | C8: 0 | D8: 0 | H8: =IF(COUNT(C8:G8)=5,SUM(C8:G8),"") | N8: =IF(COUNT(C8:G8)=5,"Completa","Falta") -> Falta
A9: I5-5960 | B9: Compila. Pasa los 7 pasos del harness. | C9: 3 | H9: =IF(COUNT(C9:G9)=5,SUM(C9:G9),"") | N9: =IF(COUNT(C9:G9)=5,"Completa","Falta") -> Falta
A10: I5-5429 | B10: Compila. Pasa los 7 pasos del harness. | C10: 3 | H10: =IF(COUNT(C10:G10)=5,SUM(C10:G10),"") | N10: =IF(COUNT(C10:G10)=5,"Completa","Falta") -> Falta
A11: I5-7024 | B11: Compila. Falla 3 de 7 pasos del harness (pasos 3,4,5; numerados desde 0). | H11: =IF(COUNT(C11:G11)=5,SUM(C11:G11),"") | N11: =IF(COUNT(C11:G11)=5,"Completa","Falta") -> Falta
A12: I5-3559 | B12: Compila. Falla 6 de 7 pasos del harness (pasos 1,2,3,4,5,6; numerados desde 0). | H12: =IF(COUNT(C12:G12)=5,SUM(C12:G12),"") | N12: =IF(COUNT(C12:G12)=5,"Completa","Falta") -> Falta
A13: I5-2602 | B13: Compila. Falla 6 de 7 pasos del harness (pasos 1,2,3,4,5,6; numerados desde 0). | H13: =IF(COUNT(C13:G13)=5,SUM(C13:G13),"") | N13: =IF(COUNT(C13:G13)=5,"Completa","Falta") -> Falta
A14: I5-3769 | B14: Compila. Falla 6 de 7 pasos del harness (pasos 1,2,3,4,5,6; numerados desde 0). | H14: =IF(COUNT(C14:G14)=5,SUM(C14:G14),"") | N14: =IF(COUNT(C14:G14)=5,"Completa","Falta") -> Falta
A15: I5-4146 | B15: Compila. Falla 4 de 7 pasos del harness (pasos 3,4,5,6; numerados desde 0). | H15: =IF(COUNT(C15:G15)=5,SUM(C15:G15),"") | N15: =IF(COUNT(C15:G15)=5,"Completa","Falta") -> Falta
A16: I5-8743 | B16: Compila. Pasa los 7 pasos del harness. | C16: 3 | H16: =IF(COUNT(C16:G16)=5,SUM(C16:G16),"") | N16: =IF(COUNT(C16:G16)=5,"Completa","Falta") -> Falta
A17: I5-3551 | B17: Compila. Falla 7 de 7 pasos del harness (pasos 0,1,2,3,4,5,6; numerados desde 0). | H17: =IF(COUNT(C17:G17)=5,SUM(C17:G17),"") | N17: =IF(COUNT(C17:G17)=5,"Completa","Falta") -> Falta
A18: I5-3570 | B18: No compila (4 errores). | C18: 0 | D18: 0 | H18: =IF(COUNT(C18:G18)=5,SUM(C18:G18),"") | N18: =IF(COUNT(C18:G18)=5,"Completa","Falta") -> Falta
A19: I5-9566 | B19: Compila. Falla 4 de 7 pasos del harness (pasos 3,4,5,6; numerados desde 0). | H19: =IF(COUNT(C19:G19)=5,SUM(C19:G19),"") | N19: =IF(COUNT(C19:G19)=5,"Completa","Falta") -> Falta
A20: I5-2807 | B20: Compila. Falla 6 de 7 pasos del harness (pasos 1,2,3,4,5,6; numerados desde 0). | H20: =IF(COUNT(C20:G20)=5,SUM(C20:G20),"") | N20: =IF(COUNT(C20:G20)=5,"Completa","Falta") -> Falta
A21: I5-9964 | B21: Compila. Falla 6 de 7 pasos del harness (pasos 1,2,3,4,5,6; numerados desde 0). | H21: =IF(COUNT(C21:G21)=5,SUM(C21:G21),"") | N21: =IF(COUNT(C21:G21)=5,"Completa","Falta") -> Falta
A22: I5-4776 | B22: Compila. Pasa los 7 pasos del harness. | C22: 3 | H22: =IF(COUNT(C22:G22)=5,SUM(C22:G22),"") | N22: =IF(COUNT(C22:G22)=5,"Completa","Falta") -> Falta
A23: I5-8715 | B23: Compila. Falla 1 de 7 pasos del harness (pasos 5; numerados desde 0). | H23: =IF(COUNT(C23:G23)=5,SUM(C23:G23),"") | N23: =IF(COUNT(C23:G23)=5,"Completa","Falta") -> Falta
A24: I5-6743 | B24: Compila. Pasa los 7 pasos del harness. | C24: 3 | H24: =IF(COUNT(C24:G24)=5,SUM(C24:G24),"") | N24: =IF(COUNT(C24:G24)=5,"Completa","Falta") -> Falta
A25: I5-6738 | B25: Compila. Pasa los 7 pasos del harness. | C25: 3 | H25: =IF(COUNT(C25:G25)=5,SUM(C25:G25),"") | N25: =IF(COUNT(C25:G25)=5,"Completa","Falta") -> Falta
A26: I5-6315 | B26: Compila. Pasa los 7 pasos del harness. | C26: 3 | H26: =IF(COUNT(C26:G26)=5,SUM(C26:G26),"") | N26: =IF(COUNT(C26:G26)=5,"Completa","Falta") -> Falta
A27: I5-3665 | B27: Compila. Pasa los 7 pasos del harness. | C27: 3 | H27: =IF(COUNT(C27:G27)=5,SUM(C27:G27),"") | N27: =IF(COUNT(C27:G27)=5,"Completa","Falta") -> Falta
A28: I5-2293 | B28: Compila. Falla 6 de 7 pasos del harness (pasos 1,2,3,4,5,6; numerados desde 0). | H28: =IF(COUNT(C28:G28)=5,SUM(C28:G28),"") | N28: =IF(COUNT(C28:G28)=5,"Completa","Falta") -> Falta
A29: I5-8675 | B29: Compila. Falla 7 de 7 pasos del harness (pasos 0,1,2,3,4,5,6; numerados desde 0). | H29: =IF(COUNT(C29:G29)=5,SUM(C29:G29),"") | N29: =IF(COUNT(C29:G29)=5,"Completa","Falta") -> Falta

Sheet I6
A1: I6 — Escalado analógico con histéresis (Intermedio)
A2: Lee cada respuesta por su código en respuestas/Respuestas_I6.html. Rellena solo las celdas amarillas. Las azules vienen de CODESYS o se calculan solas. La fila EJEMPLO no se analiza.
A4: Código | B4: Resultado en CODESYS (automático) | C4: Corrección funcional (0–3) | D4: Cumplimiento IEC (0–3) | E4: Coherencia lógica (0–3) | F4: Claridad estructural (0–3) | G4: Mantenibilidad (0–3) | H4: Total (0–15) | I4: Justificación: corrección funcional / IEC | J4: Justificación: coherencia | K4: Justificación: claridad | L4: Justificación: mantenibilidad | M4: Observaciones | N4: Estado
A5: EJEMPLO | B5: Compila. Falla 2 de 7 pasos del harness (pasos 3,5; numerados desde 0). | C5: 1 | D5: 2 | E5: 2 | F5: 2 | G5: 1 | H5: =IF(COUNT(C5:G5)=5,SUM(C5:G5),"") -> 8 | I5: Arranca y para, pero rearranca solo tras la emergencia. | J5: Sin contradicciones; transiciones completas. | K5: Nombres claros, comentarios útiles. | L5: El tiempo está escrito como literal en dos sitios. | N5: =IF(COUNT(C5:G5)=5,"Completa","Falta") -> Completa
A6: I6-6450 | B6: Compila. Pasa los 8 pasos del harness. | C6: 3 | H6: =IF(COUNT(C6:G6)=5,SUM(C6:G6),"") | N6: =IF(COUNT(C6:G6)=5,"Completa","Falta") -> Falta
A7: I6-3905 | B7: Compila. Pasa los 8 pasos del harness. | C7: 3 | H7: =IF(COUNT(C7:G7)=5,SUM(C7:G7),"") | N7: =IF(COUNT(C7:G7)=5,"Completa","Falta") -> Falta
A8: I6-1333 | B8: Compila. Pasa los 8 pasos del harness. | C8: 3 | H8: =IF(COUNT(C8:G8)=5,SUM(C8:G8),"") | N8: =IF(COUNT(C8:G8)=5,"Completa","Falta") -> Falta
A9: I6-1644 | B9: No compila (7 errores). | C9: 0 | D9: 0 | H9: =IF(COUNT(C9:G9)=5,SUM(C9:G9),"") | N9: =IF(COUNT(C9:G9)=5,"Completa","Falta") -> Falta
A10: I6-4554 | B10: Compila. Pasa los 8 pasos del harness. | C10: 3 | H10: =IF(COUNT(C10:G10)=5,SUM(C10:G10),"") | N10: =IF(COUNT(C10:G10)=5,"Completa","Falta") -> Falta
A11: I6-4640 | B11: Compila. Pasa los 8 pasos del harness. | C11: 3 | H11: =IF(COUNT(C11:G11)=5,SUM(C11:G11),"") | N11: =IF(COUNT(C11:G11)=5,"Completa","Falta") -> Falta
A12: I6-5227 | B12: Compila. Pasa los 8 pasos del harness. | C12: 3 | H12: =IF(COUNT(C12:G12)=5,SUM(C12:G12),"") | N12: =IF(COUNT(C12:G12)=5,"Completa","Falta") -> Falta
A13: I6-1990 | B13: Compila. Pasa los 8 pasos del harness. | C13: 3 | H13: =IF(COUNT(C13:G13)=5,SUM(C13:G13),"") | N13: =IF(COUNT(C13:G13)=5,"Completa","Falta") -> Falta
A14: I6-8944 | B14: Compila. Pasa los 8 pasos del harness. | C14: 3 | H14: =IF(COUNT(C14:G14)=5,SUM(C14:G14),"") | N14: =IF(COUNT(C14:G14)=5,"Completa","Falta") -> Falta
A15: I6-2466 | B15: Compila. Pasa los 8 pasos del harness. | C15: 3 | H15: =IF(COUNT(C15:G15)=5,SUM(C15:G15),"") | N15: =IF(COUNT(C15:G15)=5,"Completa","Falta") -> Falta
A16: I6-7405 | B16: Compila. Pasa los 8 pasos del harness. | C16: 3 | H16: =IF(COUNT(C16:G16)=5,SUM(C16:G16),"") | N16: =IF(COUNT(C16:G16)=5,"Completa","Falta") -> Falta
A17: I6-4763 | B17: Compila. Pasa los 8 pasos del harness. | C17: 3 | H17: =IF(COUNT(C17:G17)=5,SUM(C17:G17),"") | N17: =IF(COUNT(C17:G17)=5,"Completa","Falta") -> Falta
A18: I6-2631 | B18: No compila (7 errores). | C18: 0 | D18: 0 | H18: =IF(COUNT(C18:G18)=5,SUM(C18:G18),"") | N18: =IF(COUNT(C18:G18)=5,"Completa","Falta") -> Falta
A19: I6-5219 | B19: Compila. Pasa los 8 pasos del harness. | C19: 3 | H19: =IF(COUNT(C19:G19)=5,SUM(C19:G19),"") | N19: =IF(COUNT(C19:G19)=5,"Completa","Falta") -> Falta
A20: I6-8502 | B20: Compila. Pasa los 8 pasos del harness. | C20: 3 | H20: =IF(COUNT(C20:G20)=5,SUM(C20:G20),"") | N20: =IF(COUNT(C20:G20)=5,"Completa","Falta") -> Falta
A21: I6-1774 | B21: No compila (12 errores). | C21: 0 | D21: 0 | H21: =IF(COUNT(C21:G21)=5,SUM(C21:G21),"") | N21: =IF(COUNT(C21:G21)=5,"Completa","Falta") -> Falta
A22: I6-7940 | B22: Compila. Pasa los 8 pasos del harness. | C22: 3 | H22: =IF(COUNT(C22:G22)=5,SUM(C22:G22),"") | N22: =IF(COUNT(C22:G22)=5,"Completa","Falta") -> Falta
A23: I6-9872 | B23: No compila (7 errores). | C23: 0 | D23: 0 | H23: =IF(COUNT(C23:G23)=5,SUM(C23:G23),"") | N23: =IF(COUNT(C23:G23)=5,"Completa","Falta") -> Falta
A24: I6-7606 | B24: Compila. Pasa los 8 pasos del harness. | C24: 3 | H24: =IF(COUNT(C24:G24)=5,SUM(C24:G24),"") | N24: =IF(COUNT(C24:G24)=5,"Completa","Falta") -> Falta
A25: I6-9273 | B25: Compila. Pasa los 8 pasos del harness. | C25: 3 | H25: =IF(COUNT(C25:G25)=5,SUM(C25:G25),"") | N25: =IF(COUNT(C25:G25)=5,"Completa","Falta") -> Falta
A26: I6-9365 | B26: No compila (7 errores). | C26: 0 | D26: 0 | H26: =IF(COUNT(C26:G26)=5,SUM(C26:G26),"") | N26: =IF(COUNT(C26:G26)=5,"Completa","Falta") -> Falta
A27: I6-4205 | B27: No compila (7 errores). | C27: 0 | D27: 0 | H27: =IF(COUNT(C27:G27)=5,SUM(C27:G27),"") | N27: =IF(COUNT(C27:G27)=5,"Completa","Falta") -> Falta
A28: I6-1860 | B28: Compila. Falla 1 de 8 pasos del harness (pasos 3; numerados desde 0). | H28: =IF(COUNT(C28:G28)=5,SUM(C28:G28),"") | N28: =IF(COUNT(C28:G28)=5,"Completa","Falta") -> Falta
A29: I6-9306 | B29: Compila. Pasa los 8 pasos del harness. | C29: 3 | H29: =IF(COUNT(C29:G29)=5,SUM(C29:G29),"") | N29: =IF(COUNT(C29:G29)=5,"Completa","Falta") -> Falta

Sheet I7
A1: I7 — Bombas dúplex con alternancia (Intermedio)
A2: Lee cada respuesta por su código en respuestas/Respuestas_I7.html. Rellena solo las celdas amarillas. Las azules vienen de CODESYS o se calculan solas. La fila EJEMPLO no se analiza.
A4: Código | B4: Resultado en CODESYS (automático) | C4: Corrección funcional (0–3) | D4: Cumplimiento IEC (0–3) | E4: Coherencia lógica (0–3) | F4: Claridad estructural (0–3) | G4: Mantenibilidad (0–3) | H4: Total (0–15) | I4: Justificación: corrección funcional / IEC | J4: Justificación: coherencia | K4: Justificación: claridad | L4: Justificación: mantenibilidad | M4: Observaciones | N4: Estado
A5: EJEMPLO | B5: Compila. Falla 2 de 7 pasos del harness (pasos 3,5; numerados desde 0). | C5: 1 | D5: 2 | E5: 2 | F5: 2 | G5: 1 | H5: =IF(COUNT(C5:G5)=5,SUM(C5:G5),"") -> 8 | I5: Arranca y para, pero rearranca solo tras la emergencia. | J5: Sin contradicciones; transiciones completas. | K5: Nombres claros, comentarios útiles. | L5: El tiempo está escrito como literal en dos sitios. | N5: =IF(COUNT(C5:G5)=5,"Completa","Falta") -> Completa
A6: I7-1859 | B6: Compila. Falla 8 de 14 pasos del harness (pasos 1,3,5,6,7,8,11,12; numerados desde 0). | H6: =IF(COUNT(C6:G6)=5,SUM(C6:G6),"") | N6: =IF(COUNT(C6:G6)=5,"Completa","Falta") -> Falta
A7: I7-5823 | B7: Compila. Pasa los 14 pasos del harness. | C7: 3 | H7: =IF(COUNT(C7:G7)=5,SUM(C7:G7),"") | N7: =IF(COUNT(C7:G7)=5,"Completa","Falta") -> Falta
A8: I7-2190 | B8: Compila. Pasa los 14 pasos del harness. | C8: 3 | H8: =IF(COUNT(C8:G8)=5,SUM(C8:G8),"") | N8: =IF(COUNT(C8:G8)=5,"Completa","Falta") -> Falta
A9: I7-6860 | B9: Compila. Pasa los 14 pasos del harness. | C9: 3 | H9: =IF(COUNT(C9:G9)=5,SUM(C9:G9),"") | N9: =IF(COUNT(C9:G9)=5,"Completa","Falta") -> Falta
A10: I7-5664 | B10: Compila. Falla 5 de 14 pasos del harness (pasos 1,5,6,7,8; numerados desde 0). | H10: =IF(COUNT(C10:G10)=5,SUM(C10:G10),"") | N10: =IF(COUNT(C10:G10)=5,"Completa","Falta") -> Falta
A11: I7-4023 | B11: Compila. Pasa los 14 pasos del harness. | C11: 3 | H11: =IF(COUNT(C11:G11)=5,SUM(C11:G11),"") | N11: =IF(COUNT(C11:G11)=5,"Completa","Falta") -> Falta
A12: I7-8200 | B12: Compila. Pasa los 14 pasos del harness. | C12: 3 | H12: =IF(COUNT(C12:G12)=5,SUM(C12:G12),"") | N12: =IF(COUNT(C12:G12)=5,"Completa","Falta") -> Falta
A13: I7-7155 | B13: Compila. Falla 4 de 14 pasos del harness (pasos 3,10,11,12; numerados desde 0). | H13: =IF(COUNT(C13:G13)=5,SUM(C13:G13),"") | N13: =IF(COUNT(C13:G13)=5,"Completa","Falta") -> Falta
A14: I7-3525 | B14: Compila. Falla 5 de 14 pasos del harness (pasos 3,6,8,9,11; numerados desde 0). | H14: =IF(COUNT(C14:G14)=5,SUM(C14:G14),"") | N14: =IF(COUNT(C14:G14)=5,"Completa","Falta") -> Falta
A15: I7-7598 | B15: Compila. Falla 6 de 14 pasos del harness (pasos 1,5,6,7,8,9; numerados desde 0). | H15: =IF(COUNT(C15:G15)=5,SUM(C15:G15),"") | N15: =IF(COUNT(C15:G15)=5,"Completa","Falta") -> Falta
A16: I7-1736 | B16: Compila. Pasa los 14 pasos del harness. | C16: 3 | H16: =IF(COUNT(C16:G16)=5,SUM(C16:G16),"") | N16: =IF(COUNT(C16:G16)=5,"Completa","Falta") -> Falta
A17: I7-8285 | B17: Compila. Falla 6 de 14 pasos del harness (pasos 3,6,7,8,9,11; numerados desde 0). | H17: =IF(COUNT(C17:G17)=5,SUM(C17:G17),"") | N17: =IF(COUNT(C17:G17)=5,"Completa","Falta") -> Falta
A18: I7-8111 | B18: Compila. Pasa los 14 pasos del harness. | C18: 3 | H18: =IF(COUNT(C18:G18)=5,SUM(C18:G18),"") | N18: =IF(COUNT(C18:G18)=5,"Completa","Falta") -> Falta
A19: I7-5182 | B19: Compila. Falla 8 de 14 pasos del harness (pasos 1,3,5,6,7,8,11,12; numerados desde 0). | H19: =IF(COUNT(C19:G19)=5,SUM(C19:G19),"") | N19: =IF(COUNT(C19:G19)=5,"Completa","Falta") -> Falta
A20: I7-2045 | B20: Compila. Falla 1 de 14 pasos del harness (pasos 9; numerados desde 0). | H20: =IF(COUNT(C20:G20)=5,SUM(C20:G20),"") | N20: =IF(COUNT(C20:G20)=5,"Completa","Falta") -> Falta
A21: I7-3489 | B21: Compila. Pasa los 14 pasos del harness. | C21: 3 | H21: =IF(COUNT(C21:G21)=5,SUM(C21:G21),"") | N21: =IF(COUNT(C21:G21)=5,"Completa","Falta") -> Falta
A22: I7-3883 | B22: Compila. Falla 8 de 14 pasos del harness (pasos 1,3,5,6,7,8,11,12; numerados desde 0). | H22: =IF(COUNT(C22:G22)=5,SUM(C22:G22),"") | N22: =IF(COUNT(C22:G22)=5,"Completa","Falta") -> Falta
A23: I7-1098 | B23: Compila. Falla 8 de 14 pasos del harness (pasos 1,3,5,6,7,8,11,12; numerados desde 0). | H23: =IF(COUNT(C23:G23)=5,SUM(C23:G23),"") | N23: =IF(COUNT(C23:G23)=5,"Completa","Falta") -> Falta
A24: I7-6285 | B24: Compila. Pasa los 14 pasos del harness. | C24: 3 | H24: =IF(COUNT(C24:G24)=5,SUM(C24:G24),"") | N24: =IF(COUNT(C24:G24)=5,"Completa","Falta") -> Falta
A25: I7-2100 | B25: Compila. Falla 5 de 14 pasos del harness (pasos 1,5,6,7,8; numerados desde 0). | H25: =IF(COUNT(C25:G25)=5,SUM(C25:G25),"") | N25: =IF(COUNT(C25:G25)=5,"Completa","Falta") -> Falta
A26: I7-1170 | B26: Compila. Falla 10 de 14 pasos del harness (pasos 2,4,5,6,7,8,9,11,12,13; numerados desde 0). | H26: =IF(COUNT(C26:G26)=5,SUM(C26:G26),"") | N26: =IF(COUNT(C26:G26)=5,"Completa","Falta") -> Falta
A27: I7-8887 | B27: Compila. Falla 8 de 14 pasos del harness (pasos 1,3,5,6,7,8,11,12; numerados desde 0). | H27: =IF(COUNT(C27:G27)=5,SUM(C27:G27),"") | N27: =IF(COUNT(C27:G27)=5,"Completa","Falta") -> Falta
A28: I7-7783 | B28: Compila. Falla 8 de 14 pasos del harness (pasos 1,3,5,6,7,8,11,12; numerados desde 0). | H28: =IF(COUNT(C28:G28)=5,SUM(C28:G28),"") | N28: =IF(COUNT(C28:G28)=5,"Completa","Falta") -> Falta
A29: I7-7378 | B29: Compila. Falla 5 de 14 pasos del harness (pasos 1,5,6,7,8; numerados desde 0). | H29: =IF(COUNT(C29:G29)=5,SUM(C29:G29),"") | N29: =IF(COUNT(C29:G29)=5,"Completa","Falta") -> Falta

Sheet I8
A1: I8 — Permisivos de arranque de compresor (Intermedio)
A2: Lee cada respuesta por su código en respuestas/Respuestas_I8.html. Rellena solo las celdas amarillas. Las azules vienen de CODESYS o se calculan solas. La fila EJEMPLO no se analiza.
A4: Código | B4: Resultado en CODESYS (automático) | C4: Corrección funcional (0–3) | D4: Cumplimiento IEC (0–3) | E4: Coherencia lógica (0–3) | F4: Claridad estructural (0–3) | G4: Mantenibilidad (0–3) | H4: Total (0–15) | I4: Justificación: corrección funcional / IEC | J4: Justificación: coherencia | K4: Justificación: claridad | L4: Justificación: mantenibilidad | M4: Observaciones | N4: Estado
A5: EJEMPLO | B5: Compila. Falla 2 de 7 pasos del harness (pasos 3,5; numerados desde 0). | C5: 1 | D5: 2 | E5: 2 | F5: 2 | G5: 1 | H5: =IF(COUNT(C5:G5)=5,SUM(C5:G5),"") -> 8 | I5: Arranca y para, pero rearranca solo tras la emergencia. | J5: Sin contradicciones; transiciones completas. | K5: Nombres claros, comentarios útiles. | L5: El tiempo está escrito como literal en dos sitios. | N5: =IF(COUNT(C5:G5)=5,"Completa","Falta") -> Completa
A6: I8-2589 | B6: Compila. Pasa los 19 pasos del harness. | C6: 3 | H6: =IF(COUNT(C6:G6)=5,SUM(C6:G6),"") | N6: =IF(COUNT(C6:G6)=5,"Completa","Falta") -> Falta
A7: I8-1720 | B7: Compila. Pasa los 19 pasos del harness. | C7: 3 | H7: =IF(COUNT(C7:G7)=5,SUM(C7:G7),"") | N7: =IF(COUNT(C7:G7)=5,"Completa","Falta") -> Falta
A8: I8-2766 | B8: Compila sola, pero no se pudo simular: declara las entradas donde el harness no puede escribirlas ('pOilOk' no es ninguna entrada de 'FB_COMPRESOR'). | H8: =IF(COUNT(C8:G8)=5,SUM(C8:G8),"") | N8: =IF(COUNT(C8:G8)=5,"Completa","Falta") -> Falta
A9: I8-6340 | B9: Compila. Falla 3 de 19 pasos del harness (pasos 1,13,18; numerados desde 0). | H9: =IF(COUNT(C9:G9)=5,SUM(C9:G9),"") | N9: =IF(COUNT(C9:G9)=5,"Completa","Falta") -> Falta
A10: I8-8577 | B10: Compila. Falla 7 de 19 pasos del harness (pasos 1,3,4,10,13,16,18; numerados desde 0). | H10: =IF(COUNT(C10:G10)=5,SUM(C10:G10),"") | N10: =IF(COUNT(C10:G10)=5,"Completa","Falta") -> Falta
A11: I8-7161 | B11: Compila. Pasa los 19 pasos del harness. | C11: 3 | H11: =IF(COUNT(C11:G11)=5,SUM(C11:G11),"") | N11: =IF(COUNT(C11:G11)=5,"Completa","Falta") -> Falta
A12: I8-2865 | B12: Compila. Pasa los 19 pasos del harness. | C12: 3 | H12: =IF(COUNT(C12:G12)=5,SUM(C12:G12),"") | N12: =IF(COUNT(C12:G12)=5,"Completa","Falta") -> Falta
A13: I8-4028 | B13: Compila. Falla 3 de 19 pasos del harness (pasos 1,13,18; numerados desde 0). | H13: =IF(COUNT(C13:G13)=5,SUM(C13:G13),"") | N13: =IF(COUNT(C13:G13)=5,"Completa","Falta") -> Falta
A14: I8-4361 | B14: Compila. Pasa los 19 pasos del harness. | C14: 3 | H14: =IF(COUNT(C14:G14)=5,SUM(C14:G14),"") | N14: =IF(COUNT(C14:G14)=5,"Completa","Falta") -> Falta
A15: I8-3472 | B15: Compila. Pasa los 19 pasos del harness. | C15: 3 | H15: =IF(COUNT(C15:G15)=5,SUM(C15:G15),"") | N15: =IF(COUNT(C15:G15)=5,"Completa","Falta") -> Falta
A16: I8-9074 | B16: Compila. Pasa los 19 pasos del harness. | C16: 3 | H16: =IF(COUNT(C16:G16)=5,SUM(C16:G16),"") | N16: =IF(COUNT(C16:G16)=5,"Completa","Falta") -> Falta
A17: I8-1307 | B17: Compila. Falla 9 de 19 pasos del harness (pasos 5,6,11,12,13,14,15,17,18; numerados desde 0). | H17: =IF(COUNT(C17:G17)=5,SUM(C17:G17),"") | N17: =IF(COUNT(C17:G17)=5,"Completa","Falta") -> Falta
A18: I8-3657 | B18: Compila. Falla 9 de 19 pasos del harness (pasos 1,3,4,10,13,14,15,17,18; numerados desde 0). | H18: =IF(COUNT(C18:G18)=5,SUM(C18:G18),"") | N18: =IF(COUNT(C18:G18)=5,"Completa","Falta") -> Falta
A19: I8-7627 | B19: Compila. Falla 8 de 19 pasos del harness (pasos 1,7,8,9,13,14,15,18; numerados desde 0). | H19: =IF(COUNT(C19:G19)=5,SUM(C19:G19),"") | N19: =IF(COUNT(C19:G19)=5,"Completa","Falta") -> Falta
A20: I8-3596 | B20: Compila. Pasa los 19 pasos del harness. | C20: 3 | H20: =IF(COUNT(C20:G20)=5,SUM(C20:G20),"") | N20: =IF(COUNT(C20:G20)=5,"Completa","Falta") -> Falta
A21: I8-1205 | B21: No compila (5 errores). | C21: 0 | D21: 0 | H21: =IF(COUNT(C21:G21)=5,SUM(C21:G21),"") | N21: =IF(COUNT(C21:G21)=5,"Completa","Falta") -> Falta
A22: I8-9515 | B22: Compila. Falla 10 de 19 pasos del harness (pasos 1,5,6,11,12,13,14,15,17,18; numerados desde 0). | H22: =IF(COUNT(C22:G22)=5,SUM(C22:G22),"") | N22: =IF(COUNT(C22:G22)=5,"Completa","Falta") -> Falta
A23: I8-4489 | B23: Compila. Pasa los 19 pasos del harness. | C23: 3 | H23: =IF(COUNT(C23:G23)=5,SUM(C23:G23),"") | N23: =IF(COUNT(C23:G23)=5,"Completa","Falta") -> Falta
A24: I8-5557 | B24: Compila. Falla 9 de 19 pasos del harness (pasos 1,3,4,10,13,14,15,17,18; numerados desde 0). | H24: =IF(COUNT(C24:G24)=5,SUM(C24:G24),"") | N24: =IF(COUNT(C24:G24)=5,"Completa","Falta") -> Falta
A25: I8-5917 | B25: Compila. Pasa los 19 pasos del harness. | C25: 3 | H25: =IF(COUNT(C25:G25)=5,SUM(C25:G25),"") | N25: =IF(COUNT(C25:G25)=5,"Completa","Falta") -> Falta
A26: I8-6693 | B26: Compila. Falla 9 de 19 pasos del harness (pasos 1,3,4,10,13,14,15,17,18; numerados desde 0). | H26: =IF(COUNT(C26:G26)=5,SUM(C26:G26),"") | N26: =IF(COUNT(C26:G26)=5,"Completa","Falta") -> Falta
A27: I8-5439 | B27: Compila. Pasa los 19 pasos del harness. | C27: 3 | H27: =IF(COUNT(C27:G27)=5,SUM(C27:G27),"") | N27: =IF(COUNT(C27:G27)=5,"Completa","Falta") -> Falta
A28: I8-4402 | B28: Compila. Pasa los 19 pasos del harness. | C28: 3 | H28: =IF(COUNT(C28:G28)=5,SUM(C28:G28),"") | N28: =IF(COUNT(C28:G28)=5,"Completa","Falta") -> Falta
A29: I8-1759 | B29: Compila. Pasa los 19 pasos del harness. | C29: 3 | H29: =IF(COUNT(C29:G29)=5,SUM(C29:G29),"") | N29: =IF(COUNT(C29:G29)=5,"Completa","Falta") -> Falta

Sheet A1
A1: A1 — Controlador PID con anti-windup (Avanzado)
A2: Lee cada respuesta por su código en respuestas/Respuestas_A1.html. Rellena solo las celdas amarillas. Las azules vienen de CODESYS o se calculan solas. La fila EJEMPLO no se analiza.
A4: Código | B4: Resultado en CODESYS (automático) | C4: Corrección funcional (0–3) | D4: Cumplimiento IEC (0–3) | E4: Coherencia lógica (0–3) | F4: Claridad estructural (0–3) | G4: Mantenibilidad (0–3) | H4: Total (0–15) | I4: Justificación: corrección funcional / IEC | J4: Justificación: coherencia | K4: Justificación: claridad | L4: Justificación: mantenibilidad | M4: Observaciones | N4: Estado
A5: EJEMPLO | B5: Compila. Falla 2 de 7 pasos del harness (pasos 3,5; numerados desde 0). | C5: 1 | D5: 2 | E5: 2 | F5: 2 | G5: 1 | H5: =IF(COUNT(C5:G5)=5,SUM(C5:G5),"") -> 8 | I5: Arranca y para, pero rearranca solo tras la emergencia. | J5: Sin contradicciones; transiciones completas. | K5: Nombres claros, comentarios útiles. | L5: El tiempo está escrito como literal en dos sitios. | N5: =IF(COUNT(C5:G5)=5,"Completa","Falta") -> Completa
A6: A1-9962 | B6: Compila. Pasa los 11 pasos del harness. | C6: 3 | H6: =IF(COUNT(C6:G6)=5,SUM(C6:G6),"") | N6: =IF(COUNT(C6:G6)=5,"Completa","Falta") -> Falta
A7: A1-1725 | B7: No compila (32 errores). | C7: 0 | D7: 0 | H7: =IF(COUNT(C7:G7)=5,SUM(C7:G7),"") | N7: =IF(COUNT(C7:G7)=5,"Completa","Falta") -> Falta
A8: A1-9421 | B8: No compila (29 errores). | C8: 0 | D8: 0 | H8: =IF(COUNT(C8:G8)=5,SUM(C8:G8),"") | N8: =IF(COUNT(C8:G8)=5,"Completa","Falta") -> Falta
A9: A1-8114 | B9: No compila (24 errores). | C9: 0 | D9: 0 | H9: =IF(COUNT(C9:G9)=5,SUM(C9:G9),"") | N9: =IF(COUNT(C9:G9)=5,"Completa","Falta") -> Falta
A10: A1-6268 | B10: No compila (18 errores). | C10: 0 | D10: 0 | H10: =IF(COUNT(C10:G10)=5,SUM(C10:G10),"") | N10: =IF(COUNT(C10:G10)=5,"Completa","Falta") -> Falta
A11: A1-7933 | B11: No compila (27 errores). | C11: 0 | D11: 0 | H11: =IF(COUNT(C11:G11)=5,SUM(C11:G11),"") | N11: =IF(COUNT(C11:G11)=5,"Completa","Falta") -> Falta
A12: A1-7927 | B12: No compila (30 errores). | C12: 0 | D12: 0 | H12: =IF(COUNT(C12:G12)=5,SUM(C12:G12),"") | N12: =IF(COUNT(C12:G12)=5,"Completa","Falta") -> Falta
A13: A1-6125 | B13: No compila (23 errores). | C13: 0 | D13: 0 | H13: =IF(COUNT(C13:G13)=5,SUM(C13:G13),"") | N13: =IF(COUNT(C13:G13)=5,"Completa","Falta") -> Falta
A14: A1-3038 | B14: No compila (2 errores). | C14: 0 | D14: 0 | H14: =IF(COUNT(C14:G14)=5,SUM(C14:G14),"") | N14: =IF(COUNT(C14:G14)=5,"Completa","Falta") -> Falta
A15: A1-7444 | B15: Compila. Pasa los 11 pasos del harness. | C15: 3 | H15: =IF(COUNT(C15:G15)=5,SUM(C15:G15),"") | N15: =IF(COUNT(C15:G15)=5,"Completa","Falta") -> Falta
A16: A1-7874 | B16: No compila (17 errores). | C16: 0 | D16: 0 | H16: =IF(COUNT(C16:G16)=5,SUM(C16:G16),"") | N16: =IF(COUNT(C16:G16)=5,"Completa","Falta") -> Falta
A17: A1-9190 | B17: No compila (25 errores). | C17: 0 | D17: 0 | H17: =IF(COUNT(C17:G17)=5,SUM(C17:G17),"") | N17: =IF(COUNT(C17:G17)=5,"Completa","Falta") -> Falta
A18: A1-6243 | B18: No compila (2 errores). | C18: 0 | D18: 0 | H18: =IF(COUNT(C18:G18)=5,SUM(C18:G18),"") | N18: =IF(COUNT(C18:G18)=5,"Completa","Falta") -> Falta
A19: A1-6380 | B19: No compila (2 errores). | C19: 0 | D19: 0 | H19: =IF(COUNT(C19:G19)=5,SUM(C19:G19),"") | N19: =IF(COUNT(C19:G19)=5,"Completa","Falta") -> Falta
A20: A1-5398 | B20: No compila (17 errores). | C20: 0 | D20: 0 | H20: =IF(COUNT(C20:G20)=5,SUM(C20:G20),"") | N20: =IF(COUNT(C20:G20)=5,"Completa","Falta") -> Falta
A21: A1-9749 | B21: No compila (16 errores). | C21: 0 | D21: 0 | H21: =IF(COUNT(C21:G21)=5,SUM(C21:G21),"") | N21: =IF(COUNT(C21:G21)=5,"Completa","Falta") -> Falta
A22: A1-9704 | B22: No compila (25 errores). | C22: 0 | D22: 0 | H22: =IF(COUNT(C22:G22)=5,SUM(C22:G22),"") | N22: =IF(COUNT(C22:G22)=5,"Completa","Falta") -> Falta
A23: A1-6233 | B23: No compila (18 errores). | C23: 0 | D23: 0 | H23: =IF(COUNT(C23:G23)=5,SUM(C23:G23),"") | N23: =IF(COUNT(C23:G23)=5,"Completa","Falta") -> Falta
A24: A1-7633 | B24: No compila (28 errores). | C24: 0 | D24: 0 | H24: =IF(COUNT(C24:G24)=5,SUM(C24:G24),"") | N24: =IF(COUNT(C24:G24)=5,"Completa","Falta") -> Falta
A25: A1-5864 | B25: No compila (11 errores). | C25: 0 | D25: 0 | H25: =IF(COUNT(C25:G25)=5,SUM(C25:G25),"") | N25: =IF(COUNT(C25:G25)=5,"Completa","Falta") -> Falta
A26: A1-5313 | B26: No compila (24 errores). | C26: 0 | D26: 0 | H26: =IF(COUNT(C26:G26)=5,SUM(C26:G26),"") | N26: =IF(COUNT(C26:G26)=5,"Completa","Falta") -> Falta
A27: A1-2241 | B27: Compila. Pasa los 11 pasos del harness. | C27: 3 | H27: =IF(COUNT(C27:G27)=5,SUM(C27:G27),"") | N27: =IF(COUNT(C27:G27)=5,"Completa","Falta") -> Falta
A28: A1-6805 | B28: No compila (24 errores). | C28: 0 | D28: 0 | H28: =IF(COUNT(C28:G28)=5,SUM(C28:G28),"") | N28: =IF(COUNT(C28:G28)=5,"Completa","Falta") -> Falta
A29: A1-8493 | B29: No compila (24 errores). | C29: 0 | D29: 0 | H29: =IF(COUNT(C29:G29)=5,SUM(C29:G29),"") | N29: =IF(COUNT(C29:G29)=5,"Completa","Falta") -> Falta

Sheet A2
A1: A2 — Control por lotes multifase (Avanzado)
A2: Lee cada respuesta por su código en respuestas/Respuestas_A2.html. Rellena solo las celdas amarillas. Las azules vienen de CODESYS o se calculan solas. La fila EJEMPLO no se analiza.
A4: Código | B4: Resultado en CODESYS (automático) | C4: Corrección funcional (0–3) | D4: Cumplimiento IEC (0–3) | E4: Coherencia lógica (0–3) | F4: Claridad estructural (0–3) | G4: Mantenibilidad (0–3) | H4: Total (0–15) | I4: Justificación: corrección funcional / IEC | J4: Justificación: coherencia | K4: Justificación: claridad | L4: Justificación: mantenibilidad | M4: Observaciones | N4: Estado
A5: EJEMPLO | B5: Compila. Falla 2 de 7 pasos del harness (pasos 3,5; numerados desde 0). | C5: 1 | D5: 2 | E5: 2 | F5: 2 | G5: 1 | H5: =IF(COUNT(C5:G5)=5,SUM(C5:G5),"") -> 8 | I5: Arranca y para, pero rearranca solo tras la emergencia. | J5: Sin contradicciones; transiciones completas. | K5: Nombres claros, comentarios útiles. | L5: El tiempo está escrito como literal en dos sitios. | N5: =IF(COUNT(C5:G5)=5,"Completa","Falta") -> Completa
A6: A2-8363 | B6: Compila. Pasa los 25 pasos del harness. | C6: 3 | H6: =IF(COUNT(C6:G6)=5,SUM(C6:G6),"") | N6: =IF(COUNT(C6:G6)=5,"Completa","Falta") -> Falta
A7: A2-7833 | B7: Compila. Pasa los 25 pasos del harness. | C7: 3 | H7: =IF(COUNT(C7:G7)=5,SUM(C7:G7),"") | N7: =IF(COUNT(C7:G7)=5,"Completa","Falta") -> Falta
A8: A2-7551 | B8: Compila. Pasa los 25 pasos del harness. | C8: 3 | H8: =IF(COUNT(C8:G8)=5,SUM(C8:G8),"") | N8: =IF(COUNT(C8:G8)=5,"Completa","Falta") -> Falta
A9: A2-3687 | B9: No compila (12 errores). | C9: 0 | D9: 0 | H9: =IF(COUNT(C9:G9)=5,SUM(C9:G9),"") | N9: =IF(COUNT(C9:G9)=5,"Completa","Falta") -> Falta
A10: A2-2878 | B10: Compila. Falla 5 de 25 pasos del harness (pasos 8,9,10,11,12; numerados desde 0). | H10: =IF(COUNT(C10:G10)=5,SUM(C10:G10),"") | N10: =IF(COUNT(C10:G10)=5,"Completa","Falta") -> Falta
A11: A2-1185 | B11: Compila. Pasa los 25 pasos del harness. | C11: 3 | H11: =IF(COUNT(C11:G11)=5,SUM(C11:G11),"") | N11: =IF(COUNT(C11:G11)=5,"Completa","Falta") -> Falta
A12: A2-7260 | B12: No compila (4 errores). | C12: 0 | D12: 0 | H12: =IF(COUNT(C12:G12)=5,SUM(C12:G12),"") | N12: =IF(COUNT(C12:G12)=5,"Completa","Falta") -> Falta
A13: A2-5299 | B13: Compila. Falla 2 de 25 pasos del harness (pasos 8,9; numerados desde 0). | H13: =IF(COUNT(C13:G13)=5,SUM(C13:G13),"") | N13: =IF(COUNT(C13:G13)=5,"Completa","Falta") -> Falta
A14: A2-3859 | B14: Compila. Pasa los 25 pasos del harness. | C14: 3 | H14: =IF(COUNT(C14:G14)=5,SUM(C14:G14),"") | N14: =IF(COUNT(C14:G14)=5,"Completa","Falta") -> Falta
A15: A2-7745 | B15: No compila (2 errores). | C15: 0 | D15: 0 | H15: =IF(COUNT(C15:G15)=5,SUM(C15:G15),"") | N15: =IF(COUNT(C15:G15)=5,"Completa","Falta") -> Falta
A16: A2-4520 | B16: Compila. Falla 10 de 25 pasos del harness (pasos 8,9,17,18,19,20,21,22,23,24; numerados desde 0). | H16: =IF(COUNT(C16:G16)=5,SUM(C16:G16),"") | N16: =IF(COUNT(C16:G16)=5,"Completa","Falta") -> Falta
A17: A2-5579 | B17: No compila (4 errores). | C17: 0 | D17: 0 | H17: =IF(COUNT(C17:G17)=5,SUM(C17:G17),"") | N17: =IF(COUNT(C17:G17)=5,"Completa","Falta") -> Falta
A18: A2-5565 | B18: No compila (25 errores). | C18: 0 | D18: 0 | H18: =IF(COUNT(C18:G18)=5,SUM(C18:G18),"") | N18: =IF(COUNT(C18:G18)=5,"Completa","Falta") -> Falta
A19: A2-8269 | B19: Compila. Pasa los 25 pasos del harness. | C19: 3 | H19: =IF(COUNT(C19:G19)=5,SUM(C19:G19),"") | N19: =IF(COUNT(C19:G19)=5,"Completa","Falta") -> Falta
A20: A2-8208 | B20: Compila. Pasa los 25 pasos del harness. | C20: 3 | H20: =IF(COUNT(C20:G20)=5,SUM(C20:G20),"") | N20: =IF(COUNT(C20:G20)=5,"Completa","Falta") -> Falta
A21: A2-3851 | B21: Compila. Pasa los 25 pasos del harness. | C21: 3 | H21: =IF(COUNT(C21:G21)=5,SUM(C21:G21),"") | N21: =IF(COUNT(C21:G21)=5,"Completa","Falta") -> Falta
A22: A2-2820 | B22: No compila (2 errores). | C22: 0 | D22: 0 | H22: =IF(COUNT(C22:G22)=5,SUM(C22:G22),"") | N22: =IF(COUNT(C22:G22)=5,"Completa","Falta") -> Falta
A23: A2-4087 | B23: Compila. Pasa los 25 pasos del harness. | C23: 3 | H23: =IF(COUNT(C23:G23)=5,SUM(C23:G23),"") | N23: =IF(COUNT(C23:G23)=5,"Completa","Falta") -> Falta
A24: A2-5337 | B24: Compila. Pasa los 25 pasos del harness. | C24: 3 | H24: =IF(COUNT(C24:G24)=5,SUM(C24:G24),"") | N24: =IF(COUNT(C24:G24)=5,"Completa","Falta") -> Falta
A25: A2-4573 | B25: No compila (1 errores). | C25: 0 | D25: 0 | H25: =IF(COUNT(C25:G25)=5,SUM(C25:G25),"") | N25: =IF(COUNT(C25:G25)=5,"Completa","Falta") -> Falta
A26: A2-2424 | B26: Compila. Pasa los 25 pasos del harness. | C26: 3 | H26: =IF(COUNT(C26:G26)=5,SUM(C26:G26),"") | N26: =IF(COUNT(C26:G26)=5,"Completa","Falta") -> Falta
A27: A2-8499 | B27: Compila. Pasa los 25 pasos del harness. | C27: 3 | H27: =IF(COUNT(C27:G27)=5,SUM(C27:G27),"") | N27: =IF(COUNT(C27:G27)=5,"Completa","Falta") -> Falta
A28: A2-5655 | B28: Compila. Falla 9 de 25 pasos del harness (pasos 1,2,3,4,5,6,7,8,9; numerados desde 0). | H28: =IF(COUNT(C28:G28)=5,SUM(C28:G28),"") | N28: =IF(COUNT(C28:G28)=5,"Completa","Falta") -> Falta
A29: A2-2376 | B29: Compila. Pasa los 25 pasos del harness. | C29: 3 | H29: =IF(COUNT(C29:G29)=5,SUM(C29:G29),"") | N29: =IF(COUNT(C29:G29)=5,"Completa","Falta") -> Falta

Sheet A3
A1: A3 — Protocolo de comunicación con reintentos (Avanzado)
A2: Lee cada respuesta por su código en respuestas/Respuestas_A3.html. Rellena solo las celdas amarillas. Las azules vienen de CODESYS o se calculan solas. La fila EJEMPLO no se analiza.
A4: Código | B4: Resultado en CODESYS (automático) | C4: Corrección funcional (0–3) | D4: Cumplimiento IEC (0–3) | E4: Coherencia lógica (0–3) | F4: Claridad estructural (0–3) | G4: Mantenibilidad (0–3) | H4: Total (0–15) | I4: Justificación: corrección funcional / IEC | J4: Justificación: coherencia | K4: Justificación: claridad | L4: Justificación: mantenibilidad | M4: Observaciones | N4: Estado
A5: EJEMPLO | B5: Compila. Falla 2 de 7 pasos del harness (pasos 3,5; numerados desde 0). | C5: 1 | D5: 2 | E5: 2 | F5: 2 | G5: 1 | H5: =IF(COUNT(C5:G5)=5,SUM(C5:G5),"") -> 8 | I5: Arranca y para, pero rearranca solo tras la emergencia. | J5: Sin contradicciones; transiciones completas. | K5: Nombres claros, comentarios útiles. | L5: El tiempo está escrito como literal en dos sitios. | N5: =IF(COUNT(C5:G5)=5,"Completa","Falta") -> Completa
A6: A3-3230 | B6: Compila. Pasa los 15 pasos del harness. | C6: 3 | H6: =IF(COUNT(C6:G6)=5,SUM(C6:G6),"") | N6: =IF(COUNT(C6:G6)=5,"Completa","Falta") -> Falta
A7: A3-6022 | B7: Compila. Pasa los 15 pasos del harness. | C7: 3 | H7: =IF(COUNT(C7:G7)=5,SUM(C7:G7),"") | N7: =IF(COUNT(C7:G7)=5,"Completa","Falta") -> Falta
A8: A3-6512 | B8: Compila. Falla 4 de 15 pasos del harness (pasos 3,4,5,9; numerados desde 0). | H8: =IF(COUNT(C8:G8)=5,SUM(C8:G8),"") | N8: =IF(COUNT(C8:G8)=5,"Completa","Falta") -> Falta
A9: A3-7512 | B9: Compila sola, pero no se pudo simular: declara las entradas donde el harness no puede escribirlas ('txReq' no es ninguna entrada de 'FB_COM'). | H9: =IF(COUNT(C9:G9)=5,SUM(C9:G9),"") | N9: =IF(COUNT(C9:G9)=5,"Completa","Falta") -> Falta
A10: A3-3622 | B10: Compila. Falla 4 de 15 pasos del harness (pasos 3,4,5,9; numerados desde 0). | H10: =IF(COUNT(C10:G10)=5,SUM(C10:G10),"") | N10: =IF(COUNT(C10:G10)=5,"Completa","Falta") -> Falta
A11: A3-3184 | B11: Compila. Pasa los 15 pasos del harness. | C11: 3 | H11: =IF(COUNT(C11:G11)=5,SUM(C11:G11),"") | N11: =IF(COUNT(C11:G11)=5,"Completa","Falta") -> Falta
A12: A3-4953 | B12: Compila. Pasa los 15 pasos del harness. | C12: 3 | H12: =IF(COUNT(C12:G12)=5,SUM(C12:G12),"") | N12: =IF(COUNT(C12:G12)=5,"Completa","Falta") -> Falta
A13: A3-3351 | B13: Compila. Falla 12 de 15 pasos del harness (pasos 3,4,5,6,7,8,9,10,11,12,13,14; numerados desde 0). | H13: =IF(COUNT(C13:G13)=5,SUM(C13:G13),"") | N13: =IF(COUNT(C13:G13)=5,"Completa","Falta") -> Falta
A14: A3-5168 | B14: Compila sola, pero no se pudo simular: declara las entradas donde el harness no puede escribirlas ('txReq' no es ninguna entrada de 'FB_COM'). | H14: =IF(COUNT(C14:G14)=5,SUM(C14:G14),"") | N14: =IF(COUNT(C14:G14)=5,"Completa","Falta") -> Falta
A15: A3-6493 | B15: Compila. Pasa los 15 pasos del harness. | C15: 3 | H15: =IF(COUNT(C15:G15)=5,SUM(C15:G15),"") | N15: =IF(COUNT(C15:G15)=5,"Completa","Falta") -> Falta
A16: A3-4439 | B16: Compila. Pasa los 15 pasos del harness. | C16: 3 | H16: =IF(COUNT(C16:G16)=5,SUM(C16:G16),"") | N16: =IF(COUNT(C16:G16)=5,"Completa","Falta") -> Falta
A17: A3-9003 | B17: Compila. Falla 4 de 15 pasos del harness (pasos 7,8,9,10; numerados desde 0). | H17: =IF(COUNT(C17:G17)=5,SUM(C17:G17),"") | N17: =IF(COUNT(C17:G17)=5,"Completa","Falta") -> Falta
A18: A3-4115 | B18: Compila. Falla 10 de 15 pasos del harness (pasos 3,4,5,6,7,8,10,12,13,14; numerados desde 0). | H18: =IF(COUNT(C18:G18)=5,SUM(C18:G18),"") | N18: =IF(COUNT(C18:G18)=5,"Completa","Falta") -> Falta
A19: A3-8801 | B19: Compila. Falla 9 de 15 pasos del harness (pasos 3,4,5,7,8,9,10,11,14; numerados desde 0). | H19: =IF(COUNT(C19:G19)=5,SUM(C19:G19),"") | N19: =IF(COUNT(C19:G19)=5,"Completa","Falta") -> Falta
A20: A3-7866 | B20: Compila. Falla 9 de 15 pasos del harness (pasos 3,4,5,7,8,9,10,11,14; numerados desde 0). | H20: =IF(COUNT(C20:G20)=5,SUM(C20:G20),"") | N20: =IF(COUNT(C20:G20)=5,"Completa","Falta") -> Falta
A21: A3-1699 | B21: Compila. Pasa los 15 pasos del harness. | C21: 3 | H21: =IF(COUNT(C21:G21)=5,SUM(C21:G21),"") | N21: =IF(COUNT(C21:G21)=5,"Completa","Falta") -> Falta
A22: A3-8606 | B22: Compila. Pasa los 15 pasos del harness. | C22: 3 | H22: =IF(COUNT(C22:G22)=5,SUM(C22:G22),"") | N22: =IF(COUNT(C22:G22)=5,"Completa","Falta") -> Falta
A23: A3-8784 | B23: Compila. Falla 14 de 15 pasos del harness (pasos 1,2,3,4,5,6,7,8,9,10,11,12,13,14; numerados desde 0). | H23: =IF(COUNT(C23:G23)=5,SUM(C23:G23),"") | N23: =IF(COUNT(C23:G23)=5,"Completa","Falta") -> Falta
A24: A3-1381 | B24: Compila. Falla 14 de 15 pasos del harness (pasos 1,2,3,4,5,6,7,8,9,10,11,12,13,14; numerados desde 0). | H24: =IF(COUNT(C24:G24)=5,SUM(C24:G24),"") | N24: =IF(COUNT(C24:G24)=5,"Completa","Falta") -> Falta
A25: A3-5401 | B25: Compila sola, pero no se pudo simular: declara las entradas donde el harness no puede escribirlas ('txReq' no es ninguna entrada de 'FB_COM'). | H25: =IF(COUNT(C25:G25)=5,SUM(C25:G25),"") | N25: =IF(COUNT(C25:G25)=5,"Completa","Falta") -> Falta
A26: A3-7343 | B26: Compila. Pasa los 15 pasos del harness. | C26: 3 | H26: =IF(COUNT(C26:G26)=5,SUM(C26:G26),"") | N26: =IF(COUNT(C26:G26)=5,"Completa","Falta") -> Falta
A27: A3-6370 | B27: Compila. Pasa los 15 pasos del harness. | C27: 3 | H27: =IF(COUNT(C27:G27)=5,SUM(C27:G27),"") | N27: =IF(COUNT(C27:G27)=5,"Completa","Falta") -> Falta
A28: A3-8583 | B28: Compila. Falla 10 de 15 pasos del harness (pasos 3,4,5,6,7,8,9,12,13,14; numerados desde 0). | H28: =IF(COUNT(C28:G28)=5,SUM(C28:G28),"") | N28: =IF(COUNT(C28:G28)=5,"Completa","Falta") -> Falta
A29: A3-4983 | B29: Compila. Falla 14 de 15 pasos del harness (pasos 1,2,3,4,5,6,7,8,9,10,11,12,13,14; numerados desde 0). | H29: =IF(COUNT(C29:G29)=5,SUM(C29:G29),"") | N29: =IF(COUNT(C29:G29)=5,"Completa","Falta") -> Falta

Sheet A4
A1: A4 — Rampa de velocidad limitada (Avanzado)
A2: Lee cada respuesta por su código en respuestas/Respuestas_A4.html. Rellena solo las celdas amarillas. Las azules vienen de CODESYS o se calculan solas. La fila EJEMPLO no se analiza.
A4: Código | B4: Resultado en CODESYS (automático) | C4: Corrección funcional (0–3) | D4: Cumplimiento IEC (0–3) | E4: Coherencia lógica (0–3) | F4: Claridad estructural (0–3) | G4: Mantenibilidad (0–3) | H4: Total (0–15) | I4: Justificación: corrección funcional / IEC | J4: Justificación: coherencia | K4: Justificación: claridad | L4: Justificación: mantenibilidad | M4: Observaciones | N4: Estado
A5: EJEMPLO | B5: Compila. Falla 2 de 7 pasos del harness (pasos 3,5; numerados desde 0). | C5: 1 | D5: 2 | E5: 2 | F5: 2 | G5: 1 | H5: =IF(COUNT(C5:G5)=5,SUM(C5:G5),"") -> 8 | I5: Arranca y para, pero rearranca solo tras la emergencia. | J5: Sin contradicciones; transiciones completas. | K5: Nombres claros, comentarios útiles. | L5: El tiempo está escrito como literal en dos sitios. | N5: =IF(COUNT(C5:G5)=5,"Completa","Falta") -> Completa
A6: A4-3724 | B6: No compila (9 errores). | C6: 0 | D6: 0 | H6: =IF(COUNT(C6:G6)=5,SUM(C6:G6),"") | N6: =IF(COUNT(C6:G6)=5,"Completa","Falta") -> Falta
A7: A4-4106 | B7: Compila. Pasa los 13 pasos del harness. | C7: 3 | H7: =IF(COUNT(C7:G7)=5,SUM(C7:G7),"") | N7: =IF(COUNT(C7:G7)=5,"Completa","Falta") -> Falta
A8: A4-2094 | B8: No compila (17 errores). | C8: 0 | D8: 0 | H8: =IF(COUNT(C8:G8)=5,SUM(C8:G8),"") | N8: =IF(COUNT(C8:G8)=5,"Completa","Falta") -> Falta
A9: A4-8650 | B9: No compila (3 errores). | C9: 0 | D9: 0 | H9: =IF(COUNT(C9:G9)=5,SUM(C9:G9),"") | N9: =IF(COUNT(C9:G9)=5,"Completa","Falta") -> Falta
A10: A4-8630 | B10: No compila (4 errores). | C10: 0 | D10: 0 | H10: =IF(COUNT(C10:G10)=5,SUM(C10:G10),"") | N10: =IF(COUNT(C10:G10)=5,"Completa","Falta") -> Falta
A11: A4-5382 | B11: Compila. Pasa los 13 pasos del harness. | C11: 3 | H11: =IF(COUNT(C11:G11)=5,SUM(C11:G11),"") | N11: =IF(COUNT(C11:G11)=5,"Completa","Falta") -> Falta
A12: A4-3981 | B12: Compila. Pasa los 13 pasos del harness. | C12: 3 | H12: =IF(COUNT(C12:G12)=5,SUM(C12:G12),"") | N12: =IF(COUNT(C12:G12)=5,"Completa","Falta") -> Falta
A13: A4-4874 | B13: No compila (12 errores). | C13: 0 | D13: 0 | H13: =IF(COUNT(C13:G13)=5,SUM(C13:G13),"") | N13: =IF(COUNT(C13:G13)=5,"Completa","Falta") -> Falta
A14: A4-8399 | B14: No compila (4 errores). | C14: 0 | D14: 0 | H14: =IF(COUNT(C14:G14)=5,SUM(C14:G14),"") | N14: =IF(COUNT(C14:G14)=5,"Completa","Falta") -> Falta
A15: A4-9812 | B15: Compila. Pasa los 13 pasos del harness. | C15: 3 | H15: =IF(COUNT(C15:G15)=5,SUM(C15:G15),"") | N15: =IF(COUNT(C15:G15)=5,"Completa","Falta") -> Falta
A16: A4-2107 | B16: No compila (6 errores). | C16: 0 | D16: 0 | H16: =IF(COUNT(C16:G16)=5,SUM(C16:G16),"") | N16: =IF(COUNT(C16:G16)=5,"Completa","Falta") -> Falta
A17: A4-1899 | B17: No compila (16 errores). | C17: 0 | D17: 0 | H17: =IF(COUNT(C17:G17)=5,SUM(C17:G17),"") | N17: =IF(COUNT(C17:G17)=5,"Completa","Falta") -> Falta
A18: A4-3900 | B18: No compila (2 errores). | C18: 0 | D18: 0 | H18: =IF(COUNT(C18:G18)=5,SUM(C18:G18),"") | N18: =IF(COUNT(C18:G18)=5,"Completa","Falta") -> Falta
A19: A4-5751 | B19: No compila (16 errores). | C19: 0 | D19: 0 | H19: =IF(COUNT(C19:G19)=5,SUM(C19:G19),"") | N19: =IF(COUNT(C19:G19)=5,"Completa","Falta") -> Falta
A20: A4-5499 | B20: No compila (25 errores). | C20: 0 | D20: 0 | H20: =IF(COUNT(C20:G20)=5,SUM(C20:G20),"") | N20: =IF(COUNT(C20:G20)=5,"Completa","Falta") -> Falta
A21: A4-1758 | B21: No compila (4 errores). | C21: 0 | D21: 0 | H21: =IF(COUNT(C21:G21)=5,SUM(C21:G21),"") | N21: =IF(COUNT(C21:G21)=5,"Completa","Falta") -> Falta
A22: A4-3118 | B22: Compila. Pasa los 13 pasos del harness. | C22: 3 | H22: =IF(COUNT(C22:G22)=5,SUM(C22:G22),"") | N22: =IF(COUNT(C22:G22)=5,"Completa","Falta") -> Falta
A23: A4-5971 | B23: Compila. Pasa los 13 pasos del harness. | C23: 3 | H23: =IF(COUNT(C23:G23)=5,SUM(C23:G23),"") | N23: =IF(COUNT(C23:G23)=5,"Completa","Falta") -> Falta
A24: A4-4944 | B24: Compila. Pasa los 13 pasos del harness. | C24: 3 | H24: =IF(COUNT(C24:G24)=5,SUM(C24:G24),"") | N24: =IF(COUNT(C24:G24)=5,"Completa","Falta") -> Falta
A25: A4-6890 | B25: No compila (4 errores). | C25: 0 | D25: 0 | H25: =IF(COUNT(C25:G25)=5,SUM(C25:G25),"") | N25: =IF(COUNT(C25:G25)=5,"Completa","Falta") -> Falta
A26: A4-8514 | B26: No compila (4 errores). | C26: 0 | D26: 0 | H26: =IF(COUNT(C26:G26)=5,SUM(C26:G26),"") | N26: =IF(COUNT(C26:G26)=5,"Completa","Falta") -> Falta
A27: A4-3246 | B27: Compila. Pasa los 13 pasos del harness. | C27: 3 | H27: =IF(COUNT(C27:G27)=5,SUM(C27:G27),"") | N27: =IF(COUNT(C27:G27)=5,"Completa","Falta") -> Falta
A28: A4-4221 | B28: Compila. Pasa los 13 pasos del harness. | C28: 3 | H28: =IF(COUNT(C28:G28)=5,SUM(C28:G28),"") | N28: =IF(COUNT(C28:G28)=5,"Completa","Falta") -> Falta
A29: A4-3284 | B29: Compila. Pasa los 13 pasos del harness. | C29: 3 | H29: =IF(COUNT(C29:G29)=5,SUM(C29:G29),"") | N29: =IF(COUNT(C29:G29)=5,"Completa","Falta") -> Falta

Sheet A5
A1: A5 — Registro de eventos en buffer circular (Avanzado)
A2: Lee cada respuesta por su código en respuestas/Respuestas_A5.html. Rellena solo las celdas amarillas. Las azules vienen de CODESYS o se calculan solas. La fila EJEMPLO no se analiza.
A4: Código | B4: Resultado en CODESYS (automático) | C4: Corrección funcional (0–3) | D4: Cumplimiento IEC (0–3) | E4: Coherencia lógica (0–3) | F4: Claridad estructural (0–3) | G4: Mantenibilidad (0–3) | H4: Total (0–15) | I4: Justificación: corrección funcional / IEC | J4: Justificación: coherencia | K4: Justificación: claridad | L4: Justificación: mantenibilidad | M4: Observaciones | N4: Estado
A5: EJEMPLO | B5: Compila. Falla 2 de 7 pasos del harness (pasos 3,5; numerados desde 0). | C5: 1 | D5: 2 | E5: 2 | F5: 2 | G5: 1 | H5: =IF(COUNT(C5:G5)=5,SUM(C5:G5),"") -> 8 | I5: Arranca y para, pero rearranca solo tras la emergencia. | J5: Sin contradicciones; transiciones completas. | K5: Nombres claros, comentarios útiles. | L5: El tiempo está escrito como literal en dos sitios. | N5: =IF(COUNT(C5:G5)=5,"Completa","Falta") -> Completa
A6: A5-1851 | B6: Compila. Falla 6 de 6 pasos del harness (pasos 0,1,2,3,4,5; numerados desde 0). | H6: =IF(COUNT(C6:G6)=5,SUM(C6:G6),"") | N6: =IF(COUNT(C6:G6)=5,"Completa","Falta") -> Falta
A7: A5-9329 | B7: No compila (1 errores). | C7: 0 | D7: 0 | H7: =IF(COUNT(C7:G7)=5,SUM(C7:G7),"") | N7: =IF(COUNT(C7:G7)=5,"Completa","Falta") -> Falta
A8: A5-6029 | B8: Compila. Pasa los 6 pasos del harness. | C8: 3 | H8: =IF(COUNT(C8:G8)=5,SUM(C8:G8),"") | N8: =IF(COUNT(C8:G8)=5,"Completa","Falta") -> Falta
A9: A5-4425 | B9: Compila. Falla 6 de 6 pasos del harness (pasos 0,1,2,3,4,5; numerados desde 0). | H9: =IF(COUNT(C9:G9)=5,SUM(C9:G9),"") | N9: =IF(COUNT(C9:G9)=5,"Completa","Falta") -> Falta
A10: A5-3558 | B10: No compila (3 errores). | C10: 0 | D10: 0 | H10: =IF(COUNT(C10:G10)=5,SUM(C10:G10),"") | N10: =IF(COUNT(C10:G10)=5,"Completa","Falta") -> Falta
A11: A5-7727 | B11: No compila (1 errores). | C11: 0 | D11: 0 | H11: =IF(COUNT(C11:G11)=5,SUM(C11:G11),"") | N11: =IF(COUNT(C11:G11)=5,"Completa","Falta") -> Falta
A12: A5-7771 | B12: Compila. Falla 6 de 6 pasos del harness (pasos 0,1,2,3,4,5; numerados desde 0). | H12: =IF(COUNT(C12:G12)=5,SUM(C12:G12),"") | N12: =IF(COUNT(C12:G12)=5,"Completa","Falta") -> Falta
A13: A5-3414 | B13: No compila (3 errores). | C13: 0 | D13: 0 | H13: =IF(COUNT(C13:G13)=5,SUM(C13:G13),"") | N13: =IF(COUNT(C13:G13)=5,"Completa","Falta") -> Falta
A14: A5-4442 | B14: No compila (1 errores). | C14: 0 | D14: 0 | H14: =IF(COUNT(C14:G14)=5,SUM(C14:G14),"") | N14: =IF(COUNT(C14:G14)=5,"Completa","Falta") -> Falta
A15: A5-5130 | B15: Compila. Pasa los 6 pasos del harness. | C15: 3 | H15: =IF(COUNT(C15:G15)=5,SUM(C15:G15),"") | N15: =IF(COUNT(C15:G15)=5,"Completa","Falta") -> Falta
A16: A5-3386 | B16: No compila (1 errores). | C16: 0 | D16: 0 | H16: =IF(COUNT(C16:G16)=5,SUM(C16:G16),"") | N16: =IF(COUNT(C16:G16)=5,"Completa","Falta") -> Falta
A17: A5-7063 | B17: Compila. Pasa los 6 pasos del harness. | C17: 3 | H17: =IF(COUNT(C17:G17)=5,SUM(C17:G17),"") | N17: =IF(COUNT(C17:G17)=5,"Completa","Falta") -> Falta
A18: A5-4556 | B18: No compila (1 errores). | C18: 0 | D18: 0 | H18: =IF(COUNT(C18:G18)=5,SUM(C18:G18),"") | N18: =IF(COUNT(C18:G18)=5,"Completa","Falta") -> Falta
A19: A5-8849 | B19: No compila (1 errores). | C19: 0 | D19: 0 | H19: =IF(COUNT(C19:G19)=5,SUM(C19:G19),"") | N19: =IF(COUNT(C19:G19)=5,"Completa","Falta") -> Falta
A20: A5-7832 | B20: Compila. Falla 6 de 6 pasos del harness (pasos 0,1,2,3,4,5; numerados desde 0). | H20: =IF(COUNT(C20:G20)=5,SUM(C20:G20),"") | N20: =IF(COUNT(C20:G20)=5,"Completa","Falta") -> Falta
A21: A5-2051 | B21: Compila. Pasa los 6 pasos del harness. | C21: 3 | H21: =IF(COUNT(C21:G21)=5,SUM(C21:G21),"") | N21: =IF(COUNT(C21:G21)=5,"Completa","Falta") -> Falta
A22: A5-8294 | B22: Compila. Falla 6 de 6 pasos del harness (pasos 0,1,2,3,4,5; numerados desde 0). | H22: =IF(COUNT(C22:G22)=5,SUM(C22:G22),"") | N22: =IF(COUNT(C22:G22)=5,"Completa","Falta") -> Falta
A23: A5-1206 | B23: Compila. Pasa los 6 pasos del harness. | C23: 3 | H23: =IF(COUNT(C23:G23)=5,SUM(C23:G23),"") | N23: =IF(COUNT(C23:G23)=5,"Completa","Falta") -> Falta
A24: A5-2632 | B24: No compila (1 errores). | C24: 0 | D24: 0 | H24: =IF(COUNT(C24:G24)=5,SUM(C24:G24),"") | N24: =IF(COUNT(C24:G24)=5,"Completa","Falta") -> Falta
A25: A5-6758 | B25: Compila. Pasa los 6 pasos del harness. | C25: 3 | H25: =IF(COUNT(C25:G25)=5,SUM(C25:G25),"") | N25: =IF(COUNT(C25:G25)=5,"Completa","Falta") -> Falta
A26: A5-1636 | B26: Compila. Pasa los 6 pasos del harness. | C26: 3 | H26: =IF(COUNT(C26:G26)=5,SUM(C26:G26),"") | N26: =IF(COUNT(C26:G26)=5,"Completa","Falta") -> Falta
A27: A5-2042 | B27: Compila. Falla 6 de 6 pasos del harness (pasos 0,1,2,3,4,5; numerados desde 0). | H27: =IF(COUNT(C27:G27)=5,SUM(C27:G27),"") | N27: =IF(COUNT(C27:G27)=5,"Completa","Falta") -> Falta
A28: A5-9447 | B28: No compila (1 errores). | C28: 0 | D28: 0 | H28: =IF(COUNT(C28:G28)=5,SUM(C28:G28),"") | N28: =IF(COUNT(C28:G28)=5,"Completa","Falta") -> Falta
A29: A5-2012 | B29: Compila. Falla 1 de 6 pasos del harness (pasos 0; numerados desde 0). | H29: =IF(COUNT(C29:G29)=5,SUM(C29:G29),"") | N29: =IF(COUNT(C29:G29)=5,"Completa","Falta") -> Falta

Sheet A6
A1: A6 — Modos de operación jerárquicos con forzado individual (Avanzado)
A2: Lee cada respuesta por su código en respuestas/Respuestas_A6.html. Rellena solo las celdas amarillas. Las azules vienen de CODESYS o se calculan solas. La fila EJEMPLO no se analiza.
A4: Código | B4: Resultado en CODESYS (automático) | C4: Corrección funcional (0–3) | D4: Cumplimiento IEC (0–3) | E4: Coherencia lógica (0–3) | F4: Claridad estructural (0–3) | G4: Mantenibilidad (0–3) | H4: Total (0–15) | I4: Justificación: corrección funcional / IEC | J4: Justificación: coherencia | K4: Justificación: claridad | L4: Justificación: mantenibilidad | M4: Observaciones | N4: Estado
A5: EJEMPLO | B5: Compila. Falla 2 de 7 pasos del harness (pasos 3,5; numerados desde 0). | C5: 1 | D5: 2 | E5: 2 | F5: 2 | G5: 1 | H5: =IF(COUNT(C5:G5)=5,SUM(C5:G5),"") -> 8 | I5: Arranca y para, pero rearranca solo tras la emergencia. | J5: Sin contradicciones; transiciones completas. | K5: Nombres claros, comentarios útiles. | L5: El tiempo está escrito como literal en dos sitios. | N5: =IF(COUNT(C5:G5)=5,"Completa","Falta") -> Completa
A6: A6-5636 | B6: No compila (38 errores). | C6: 0 | D6: 0 | H6: =IF(COUNT(C6:G6)=5,SUM(C6:G6),"") | N6: =IF(COUNT(C6:G6)=5,"Completa","Falta") -> Falta
A7: A6-1663 | B7: No compila (16 errores). | C7: 0 | D7: 0 | H7: =IF(COUNT(C7:G7)=5,SUM(C7:G7),"") | N7: =IF(COUNT(C7:G7)=5,"Completa","Falta") -> Falta
A8: A6-6019 | B8: No compila (32 errores). | C8: 0 | D8: 0 | H8: =IF(COUNT(C8:G8)=5,SUM(C8:G8),"") | N8: =IF(COUNT(C8:G8)=5,"Completa","Falta") -> Falta
A9: A6-5711 | B9: Compila. Pasa los 17 pasos del harness. | C9: 3 | H9: =IF(COUNT(C9:G9)=5,SUM(C9:G9),"") | N9: =IF(COUNT(C9:G9)=5,"Completa","Falta") -> Falta
A10: A6-9717 | B10: No compila (14 errores). | C10: 0 | D10: 0 | H10: =IF(COUNT(C10:G10)=5,SUM(C10:G10),"") | N10: =IF(COUNT(C10:G10)=5,"Completa","Falta") -> Falta
A11: A6-2982 | B11: Compila. Pasa los 17 pasos del harness. | C11: 3 | H11: =IF(COUNT(C11:G11)=5,SUM(C11:G11),"") | N11: =IF(COUNT(C11:G11)=5,"Completa","Falta") -> Falta
A12: A6-6456 | B12: No compila (36 errores). | C12: 0 | D12: 0 | H12: =IF(COUNT(C12:G12)=5,SUM(C12:G12),"") | N12: =IF(COUNT(C12:G12)=5,"Completa","Falta") -> Falta
A13: A6-4813 | B13: Compila. Pasa los 17 pasos del harness. | C13: 3 | H13: =IF(COUNT(C13:G13)=5,SUM(C13:G13),"") | N13: =IF(COUNT(C13:G13)=5,"Completa","Falta") -> Falta
A14: A6-9389 | B14: Compila. Pasa los 17 pasos del harness. | C14: 3 | H14: =IF(COUNT(C14:G14)=5,SUM(C14:G14),"") | N14: =IF(COUNT(C14:G14)=5,"Completa","Falta") -> Falta
A15: A6-5300 | B15: Compila. Pasa los 17 pasos del harness. | C15: 3 | H15: =IF(COUNT(C15:G15)=5,SUM(C15:G15),"") | N15: =IF(COUNT(C15:G15)=5,"Completa","Falta") -> Falta
A16: A6-8649 | B16: Compila. Falla 6 de 17 pasos del harness (pasos 6,7,8,9,10,15; numerados desde 0). | H16: =IF(COUNT(C16:G16)=5,SUM(C16:G16),"") | N16: =IF(COUNT(C16:G16)=5,"Completa","Falta") -> Falta
A17: A6-1068 | B17: Compila. Pasa los 17 pasos del harness. | C17: 3 | H17: =IF(COUNT(C17:G17)=5,SUM(C17:G17),"") | N17: =IF(COUNT(C17:G17)=5,"Completa","Falta") -> Falta
A18: A6-5359 | B18: No compila (1 errores). | C18: 0 | D18: 0 | H18: =IF(COUNT(C18:G18)=5,SUM(C18:G18),"") | N18: =IF(COUNT(C18:G18)=5,"Completa","Falta") -> Falta
A19: A6-2630 | B19: Compila. Pasa los 17 pasos del harness. | C19: 3 | H19: =IF(COUNT(C19:G19)=5,SUM(C19:G19),"") | N19: =IF(COUNT(C19:G19)=5,"Completa","Falta") -> Falta
A20: A6-5020 | B20: No compila (32 errores). | C20: 0 | D20: 0 | H20: =IF(COUNT(C20:G20)=5,SUM(C20:G20),"") | N20: =IF(COUNT(C20:G20)=5,"Completa","Falta") -> Falta
A21: A6-1266 | B21: Compila. Pasa los 17 pasos del harness. | C21: 3 | H21: =IF(COUNT(C21:G21)=5,SUM(C21:G21),"") | N21: =IF(COUNT(C21:G21)=5,"Completa","Falta") -> Falta
A22: A6-3215 | B22: No compila (22 errores). | C22: 0 | D22: 0 | H22: =IF(COUNT(C22:G22)=5,SUM(C22:G22),"") | N22: =IF(COUNT(C22:G22)=5,"Completa","Falta") -> Falta
A23: A6-5385 | B23: Compila. Falla 6 de 17 pasos del harness (pasos 6,7,8,9,10,15; numerados desde 0). | H23: =IF(COUNT(C23:G23)=5,SUM(C23:G23),"") | N23: =IF(COUNT(C23:G23)=5,"Completa","Falta") -> Falta
A24: A6-5870 | B24: No compila (32 errores). | C24: 0 | D24: 0 | H24: =IF(COUNT(C24:G24)=5,SUM(C24:G24),"") | N24: =IF(COUNT(C24:G24)=5,"Completa","Falta") -> Falta
A25: A6-8625 | B25: Compila. Pasa los 17 pasos del harness. | C25: 3 | H25: =IF(COUNT(C25:G25)=5,SUM(C25:G25),"") | N25: =IF(COUNT(C25:G25)=5,"Completa","Falta") -> Falta
A26: A6-4100 | B26: No compila (1 errores). | C26: 0 | D26: 0 | H26: =IF(COUNT(C26:G26)=5,SUM(C26:G26),"") | N26: =IF(COUNT(C26:G26)=5,"Completa","Falta") -> Falta
A27: A6-4942 | B27: No compila (36 errores). | C27: 0 | D27: 0 | H27: =IF(COUNT(C27:G27)=5,SUM(C27:G27),"") | N27: =IF(COUNT(C27:G27)=5,"Completa","Falta") -> Falta
A28: A6-1659 | B28: No compila (34 errores). | C28: 0 | D28: 0 | H28: =IF(COUNT(C28:G28)=5,SUM(C28:G28),"") | N28: =IF(COUNT(C28:G28)=5,"Completa","Falta") -> Falta
A29: A6-6945 | B29: Compila. Falla 6 de 17 pasos del harness (pasos 6,7,8,9,10,15; numerados desde 0). | H29: =IF(COUNT(C29:G29)=5,SUM(C29:G29),"") | N29: =IF(COUNT(C29:G29)=5,"Completa","Falta") -> Falta

Sheet C3
A1: C3 — Conversión Ladder a ST (Complementaria)
A2: Lee cada respuesta por su código en respuestas/Respuestas_C3.html. Rellena solo las celdas amarillas. Las azules vienen de CODESYS o se calculan solas. La fila EJEMPLO no se analiza.
A4: Código | B4: Resultado en CODESYS (automático) | C4: Corrección funcional (0–3) | D4: Cumplimiento IEC (0–3) | E4: Coherencia lógica (0–3) | F4: Claridad estructural (0–3) | G4: Mantenibilidad (0–3) | H4: Total (0–15) | I4: Justificación: corrección funcional / IEC | J4: Justificación: coherencia | K4: Justificación: claridad | L4: Justificación: mantenibilidad | M4: Observaciones | N4: Estado
A5: EJEMPLO | B5: Compila. Falla 2 de 7 pasos del harness (pasos 3,5; numerados desde 0). | C5: 1 | D5: 2 | E5: 2 | F5: 2 | G5: 1 | H5: =IF(COUNT(C5:G5)=5,SUM(C5:G5),"") -> 8 | I5: Arranca y para, pero rearranca solo tras la emergencia. | J5: Sin contradicciones; transiciones completas. | K5: Nombres claros, comentarios útiles. | L5: El tiempo está escrito como literal en dos sitios. | N5: =IF(COUNT(C5:G5)=5,"Completa","Falta") -> Completa
A6: C3-2896 | B6: Compila sola, pero no se pudo simular: declara las entradas donde el harness no puede escribirlas ('btnMarcha' no es ninguna entrada de 'PRG_Conversion'). | H6: =IF(COUNT(C6:G6)=5,SUM(C6:G6),"") | N6: =IF(COUNT(C6:G6)=5,"Completa","Falta") -> Falta
A7: C3-6882 | B7: Compila sola, pero no se pudo simular: declara las entradas donde el harness no puede escribirlas ('btnMarcha' no es ninguna entrada de 'PRG_Conversion'). | H7: =IF(COUNT(C7:G7)=5,SUM(C7:G7),"") | N7: =IF(COUNT(C7:G7)=5,"Completa","Falta") -> Falta
A8: C3-5764 | B8: Compila. Pasa los 11 pasos del harness. | C8: 3 | H8: =IF(COUNT(C8:G8)=5,SUM(C8:G8),"") | N8: =IF(COUNT(C8:G8)=5,"Completa","Falta") -> Falta
A9: C3-5896 | B9: Compila. Pasa los 11 pasos del harness. | C9: 3 | H9: =IF(COUNT(C9:G9)=5,SUM(C9:G9),"") | N9: =IF(COUNT(C9:G9)=5,"Completa","Falta") -> Falta
A10: C3-2206 | B10: Compila. Pasa los 11 pasos del harness. | C10: 3 | H10: =IF(COUNT(C10:G10)=5,SUM(C10:G10),"") | N10: =IF(COUNT(C10:G10)=5,"Completa","Falta") -> Falta
A11: C3-8154 | B11: Compila. Pasa los 11 pasos del harness. | C11: 3 | H11: =IF(COUNT(C11:G11)=5,SUM(C11:G11),"") | N11: =IF(COUNT(C11:G11)=5,"Completa","Falta") -> Falta
A12: C3-6261 | B12: Compila. Pasa los 11 pasos del harness. | C12: 3 | H12: =IF(COUNT(C12:G12)=5,SUM(C12:G12),"") | N12: =IF(COUNT(C12:G12)=5,"Completa","Falta") -> Falta
A13: C3-3977 | B13: Compila sola, pero no se pudo simular: declara las entradas donde el harness no puede escribirlas ('btnMarcha' no es ninguna entrada de 'PRG_Conversion'). | H13: =IF(COUNT(C13:G13)=5,SUM(C13:G13),"") | N13: =IF(COUNT(C13:G13)=5,"Completa","Falta") -> Falta
A14: C3-3323 | B14: Compila. Pasa los 11 pasos del harness. | C14: 3 | H14: =IF(COUNT(C14:G14)=5,SUM(C14:G14),"") | N14: =IF(COUNT(C14:G14)=5,"Completa","Falta") -> Falta
A15: C3-8076 | B15: Compila. Pasa los 11 pasos del harness. | C15: 3 | H15: =IF(COUNT(C15:G15)=5,SUM(C15:G15),"") | N15: =IF(COUNT(C15:G15)=5,"Completa","Falta") -> Falta
A16: C3-1695 | B16: Compila. Pasa los 11 pasos del harness. | C16: 3 | H16: =IF(COUNT(C16:G16)=5,SUM(C16:G16),"") | N16: =IF(COUNT(C16:G16)=5,"Completa","Falta") -> Falta
A17: C3-2623 | B17: Compila sola, pero no se pudo simular: declara las entradas donde el harness no puede escribirlas ('btnMarcha' no es ninguna entrada de 'PRG_Conversion'). | H17: =IF(COUNT(C17:G17)=5,SUM(C17:G17),"") | N17: =IF(COUNT(C17:G17)=5,"Completa","Falta") -> Falta
A18: C3-8055 | B18: Compila. Pasa los 11 pasos del harness. | C18: 3 | H18: =IF(COUNT(C18:G18)=5,SUM(C18:G18),"") | N18: =IF(COUNT(C18:G18)=5,"Completa","Falta") -> Falta
A19: C3-2360 | B19: Compila. Pasa los 11 pasos del harness. | C19: 3 | H19: =IF(COUNT(C19:G19)=5,SUM(C19:G19),"") | N19: =IF(COUNT(C19:G19)=5,"Completa","Falta") -> Falta
A20: C3-9536 | B20: Compila. Pasa los 11 pasos del harness. | C20: 3 | H20: =IF(COUNT(C20:G20)=5,SUM(C20:G20),"") | N20: =IF(COUNT(C20:G20)=5,"Completa","Falta") -> Falta
A21: C3-2155 | B21: Compila sola, pero no se pudo simular: declara las entradas donde el harness no puede escribirlas ('btnMarcha' no es ninguna entrada de 'PRG_Conversion'). | H21: =IF(COUNT(C21:G21)=5,SUM(C21:G21),"") | N21: =IF(COUNT(C21:G21)=5,"Completa","Falta") -> Falta
A22: C3-1446 | B22: Compila. Pasa los 11 pasos del harness. | C22: 3 | H22: =IF(COUNT(C22:G22)=5,SUM(C22:G22),"") | N22: =IF(COUNT(C22:G22)=5,"Completa","Falta") -> Falta
A23: C3-8015 | B23: Compila. Pasa los 11 pasos del harness. | C23: 3 | H23: =IF(COUNT(C23:G23)=5,SUM(C23:G23),"") | N23: =IF(COUNT(C23:G23)=5,"Completa","Falta") -> Falta
A24: C3-9667 | B24: Compila sola, pero no se pudo simular: declara las entradas donde el harness no puede escribirlas ('btnMarcha' no es ninguna entrada de 'PRG_Conversion'). | H24: =IF(COUNT(C24:G24)=5,SUM(C24:G24),"") | N24: =IF(COUNT(C24:G24)=5,"Completa","Falta") -> Falta
A25: C3-1285 | B25: Compila. Falla 2 de 11 pasos del harness (pasos 3,9; numerados desde 0). | H25: =IF(COUNT(C25:G25)=5,SUM(C25:G25),"") | N25: =IF(COUNT(C25:G25)=5,"Completa","Falta") -> Falta
A26: C3-2752 | B26: Compila. Falla 2 de 11 pasos del harness (pasos 3,9; numerados desde 0). | H26: =IF(COUNT(C26:G26)=5,SUM(C26:G26),"") | N26: =IF(COUNT(C26:G26)=5,"Completa","Falta") -> Falta
A27: C3-4158 | B27: Compila. Pasa los 11 pasos del harness. | C27: 3 | H27: =IF(COUNT(C27:G27)=5,SUM(C27:G27),"") | N27: =IF(COUNT(C27:G27)=5,"Completa","Falta") -> Falta
A28: C3-1088 | B28: Compila sola, pero no se pudo simular: declara las entradas donde el harness no puede escribirlas ('btnMarcha' no es ninguna entrada de 'PRG_Conversion'). | H28: =IF(COUNT(C28:G28)=5,SUM(C28:G28),"") | N28: =IF(COUNT(C28:G28)=5,"Completa","Falta") -> Falta
A29: C3-5466 | B29: Compila sola, pero no se pudo simular: declara las entradas donde el harness no puede escribirlas ('btnMarcha' no es ninguna entrada de 'PRG_Conversion'). | H29: =IF(COUNT(C29:G29)=5,SUM(C29:G29),"") | N29: =IF(COUNT(C29:G29)=5,"Completa","Falta") -> Falta

Sheet C7
A1: C7 — Conversión Ladder a ST — contador con preset (Complementaria)
A2: Lee cada respuesta por su código en respuestas/Respuestas_C7.html. Rellena solo las celdas amarillas. Las azules vienen de CODESYS o se calculan solas. La fila EJEMPLO no se analiza.
A4: Código | B4: Resultado en CODESYS (automático) | C4: Corrección funcional (0–3) | D4: Cumplimiento IEC (0–3) | E4: Coherencia lógica (0–3) | F4: Claridad estructural (0–3) | G4: Mantenibilidad (0–3) | H4: Total (0–15) | I4: Justificación: corrección funcional / IEC | J4: Justificación: coherencia | K4: Justificación: claridad | L4: Justificación: mantenibilidad | M4: Observaciones | N4: Estado
A5: EJEMPLO | B5: Compila. Falla 2 de 7 pasos del harness (pasos 3,5; numerados desde 0). | C5: 1 | D5: 2 | E5: 2 | F5: 2 | G5: 1 | H5: =IF(COUNT(C5:G5)=5,SUM(C5:G5),"") -> 8 | I5: Arranca y para, pero rearranca solo tras la emergencia. | J5: Sin contradicciones; transiciones completas. | K5: Nombres claros, comentarios útiles. | L5: El tiempo está escrito como literal en dos sitios. | N5: =IF(COUNT(C5:G5)=5,"Completa","Falta") -> Completa
A6: C7-2387 | B6: Compila. Pasa los 7 pasos del harness. | C6: 3 | H6: =IF(COUNT(C6:G6)=5,SUM(C6:G6),"") | N6: =IF(COUNT(C6:G6)=5,"Completa","Falta") -> Falta
A7: C7-3786 | B7: No compila (6 errores). | C7: 0 | D7: 0 | H7: =IF(COUNT(C7:G7)=5,SUM(C7:G7),"") | N7: =IF(COUNT(C7:G7)=5,"Completa","Falta") -> Falta
A8: C7-5127 | B8: Compila. Pasa los 7 pasos del harness. | C8: 3 | H8: =IF(COUNT(C8:G8)=5,SUM(C8:G8),"") | N8: =IF(COUNT(C8:G8)=5,"Completa","Falta") -> Falta
A9: C7-4283 | B9: Compila. Pasa los 7 pasos del harness. | C9: 3 | H9: =IF(COUNT(C9:G9)=5,SUM(C9:G9),"") | N9: =IF(COUNT(C9:G9)=5,"Completa","Falta") -> Falta
A10: C7-5811 | B10: Compila. Pasa los 7 pasos del harness. | C10: 3 | H10: =IF(COUNT(C10:G10)=5,SUM(C10:G10),"") | N10: =IF(COUNT(C10:G10)=5,"Completa","Falta") -> Falta
A11: C7-2960 | B11: Compila. Pasa los 7 pasos del harness. | C11: 3 | H11: =IF(COUNT(C11:G11)=5,SUM(C11:G11),"") | N11: =IF(COUNT(C11:G11)=5,"Completa","Falta") -> Falta
A12: C7-2343 | B12: Compila. Pasa los 7 pasos del harness. | C12: 3 | H12: =IF(COUNT(C12:G12)=5,SUM(C12:G12),"") | N12: =IF(COUNT(C12:G12)=5,"Completa","Falta") -> Falta
A13: C7-1855 | B13: Compila. Pasa los 7 pasos del harness. | C13: 3 | H13: =IF(COUNT(C13:G13)=5,SUM(C13:G13),"") | N13: =IF(COUNT(C13:G13)=5,"Completa","Falta") -> Falta
A14: C7-6731 | B14: Compila. Pasa los 7 pasos del harness. | C14: 3 | H14: =IF(COUNT(C14:G14)=5,SUM(C14:G14),"") | N14: =IF(COUNT(C14:G14)=5,"Completa","Falta") -> Falta
A15: C7-3114 | B15: Compila. Pasa los 7 pasos del harness. | C15: 3 | H15: =IF(COUNT(C15:G15)=5,SUM(C15:G15),"") | N15: =IF(COUNT(C15:G15)=5,"Completa","Falta") -> Falta
A16: C7-6201 | B16: Compila. Falla 5 de 7 pasos del harness (pasos 1,2,3,4,5; numerados desde 0). | H16: =IF(COUNT(C16:G16)=5,SUM(C16:G16),"") | N16: =IF(COUNT(C16:G16)=5,"Completa","Falta") -> Falta
A17: C7-2101 | B17: Compila. Pasa los 7 pasos del harness. | C17: 3 | H17: =IF(COUNT(C17:G17)=5,SUM(C17:G17),"") | N17: =IF(COUNT(C17:G17)=5,"Completa","Falta") -> Falta
A18: C7-9652 | B18: Compila. Pasa los 7 pasos del harness. | C18: 3 | H18: =IF(COUNT(C18:G18)=5,SUM(C18:G18),"") | N18: =IF(COUNT(C18:G18)=5,"Completa","Falta") -> Falta
A19: C7-6391 | B19: Compila. Pasa los 7 pasos del harness. | C19: 3 | H19: =IF(COUNT(C19:G19)=5,SUM(C19:G19),"") | N19: =IF(COUNT(C19:G19)=5,"Completa","Falta") -> Falta
A20: C7-2041 | B20: Compila. Pasa los 7 pasos del harness. | C20: 3 | H20: =IF(COUNT(C20:G20)=5,SUM(C20:G20),"") | N20: =IF(COUNT(C20:G20)=5,"Completa","Falta") -> Falta
A21: C7-9033 | B21: Compila. Pasa los 7 pasos del harness. | C21: 3 | H21: =IF(COUNT(C21:G21)=5,SUM(C21:G21),"") | N21: =IF(COUNT(C21:G21)=5,"Completa","Falta") -> Falta
A22: C7-2277 | B22: Compila. Pasa los 7 pasos del harness. | C22: 3 | H22: =IF(COUNT(C22:G22)=5,SUM(C22:G22),"") | N22: =IF(COUNT(C22:G22)=5,"Completa","Falta") -> Falta
A23: C7-6780 | B23: Compila. Pasa los 7 pasos del harness. | C23: 3 | H23: =IF(COUNT(C23:G23)=5,SUM(C23:G23),"") | N23: =IF(COUNT(C23:G23)=5,"Completa","Falta") -> Falta
A24: C7-1135 | B24: Compila. Pasa los 7 pasos del harness. | C24: 3 | H24: =IF(COUNT(C24:G24)=5,SUM(C24:G24),"") | N24: =IF(COUNT(C24:G24)=5,"Completa","Falta") -> Falta
A25: C7-1952 | B25: Compila. Pasa los 7 pasos del harness. | C25: 3 | H25: =IF(COUNT(C25:G25)=5,SUM(C25:G25),"") | N25: =IF(COUNT(C25:G25)=5,"Completa","Falta") -> Falta
A26: C7-8580 | B26: Compila. Pasa los 7 pasos del harness. | C26: 3 | H26: =IF(COUNT(C26:G26)=5,SUM(C26:G26),"") | N26: =IF(COUNT(C26:G26)=5,"Completa","Falta") -> Falta
A27: C7-8598 | B27: Compila. Pasa los 7 pasos del harness. | C27: 3 | H27: =IF(COUNT(C27:G27)=5,SUM(C27:G27),"") | N27: =IF(COUNT(C27:G27)=5,"Completa","Falta") -> Falta
A28: C7-9091 | B28: Compila. Pasa los 7 pasos del harness. | C28: 3 | H28: =IF(COUNT(C28:G28)=5,SUM(C28:G28),"") | N28: =IF(COUNT(C28:G28)=5,"Completa","Falta") -> Falta
A29: C7-7646 | B29: Compila. Pasa los 7 pasos del harness. | C29: 3 | H29: =IF(COUNT(C29:G29)=5,SUM(C29:G29),"") | N29: =IF(COUNT(C29:G29)=5,"Completa","Falta") -> Falta

Sheet C8
A1: C8 — Conversión Ladder a ST — válvula con retardo (Complementaria)
A2: Lee cada respuesta por su código en respuestas/Respuestas_C8.html. Rellena solo las celdas amarillas. Las azules vienen de CODESYS o se calculan solas. La fila EJEMPLO no se analiza.
A4: Código | B4: Resultado en CODESYS (automático) | C4: Corrección funcional (0–3) | D4: Cumplimiento IEC (0–3) | E4: Coherencia lógica (0–3) | F4: Claridad estructural (0–3) | G4: Mantenibilidad (0–3) | H4: Total (0–15) | I4: Justificación: corrección funcional / IEC | J4: Justificación: coherencia | K4: Justificación: claridad | L4: Justificación: mantenibilidad | M4: Observaciones | N4: Estado
A5: EJEMPLO | B5: Compila. Falla 2 de 7 pasos del harness (pasos 3,5; numerados desde 0). | C5: 1 | D5: 2 | E5: 2 | F5: 2 | G5: 1 | H5: =IF(COUNT(C5:G5)=5,SUM(C5:G5),"") -> 8 | I5: Arranca y para, pero rearranca solo tras la emergencia. | J5: Sin contradicciones; transiciones completas. | K5: Nombres claros, comentarios útiles. | L5: El tiempo está escrito como literal en dos sitios. | N5: =IF(COUNT(C5:G5)=5,"Completa","Falta") -> Completa
A6: C8-5754 | B6: Compila. Pasa los 6 pasos del harness. | C6: 3 | H6: =IF(COUNT(C6:G6)=5,SUM(C6:G6),"") | N6: =IF(COUNT(C6:G6)=5,"Completa","Falta") -> Falta
A7: C8-2534 | B7: Compila. Pasa los 6 pasos del harness. | C7: 3 | H7: =IF(COUNT(C7:G7)=5,SUM(C7:G7),"") | N7: =IF(COUNT(C7:G7)=5,"Completa","Falta") -> Falta
A8: C8-4156 | B8: Compila. Pasa los 6 pasos del harness. | C8: 3 | H8: =IF(COUNT(C8:G8)=5,SUM(C8:G8),"") | N8: =IF(COUNT(C8:G8)=5,"Completa","Falta") -> Falta
A9: C8-1981 | B9: Compila. Pasa los 6 pasos del harness. | C9: 3 | H9: =IF(COUNT(C9:G9)=5,SUM(C9:G9),"") | N9: =IF(COUNT(C9:G9)=5,"Completa","Falta") -> Falta
A10: C8-8380 | B10: Compila. Pasa los 6 pasos del harness. | C10: 3 | H10: =IF(COUNT(C10:G10)=5,SUM(C10:G10),"") | N10: =IF(COUNT(C10:G10)=5,"Completa","Falta") -> Falta
A11: C8-5696 | B11: Compila. Pasa los 6 pasos del harness. | C11: 3 | H11: =IF(COUNT(C11:G11)=5,SUM(C11:G11),"") | N11: =IF(COUNT(C11:G11)=5,"Completa","Falta") -> Falta
A12: C8-4887 | B12: Compila. Pasa los 6 pasos del harness. | C12: 3 | H12: =IF(COUNT(C12:G12)=5,SUM(C12:G12),"") | N12: =IF(COUNT(C12:G12)=5,"Completa","Falta") -> Falta
A13: C8-4679 | B13: Compila. Pasa los 6 pasos del harness. | C13: 3 | H13: =IF(COUNT(C13:G13)=5,SUM(C13:G13),"") | N13: =IF(COUNT(C13:G13)=5,"Completa","Falta") -> Falta
A14: C8-6973 | B14: Compila sola, pero no se pudo simular: declara las entradas donde el harness no puede escribirlas ('nivelAlto' no es ninguna entrada de 'FB_VALVULA'). | H14: =IF(COUNT(C14:G14)=5,SUM(C14:G14),"") | N14: =IF(COUNT(C14:G14)=5,"Completa","Falta") -> Falta
A15: C8-7535 | B15: Compila. Pasa los 6 pasos del harness. | C15: 3 | H15: =IF(COUNT(C15:G15)=5,SUM(C15:G15),"") | N15: =IF(COUNT(C15:G15)=5,"Completa","Falta") -> Falta
A16: C8-1455 | B16: Compila. Falla 2 de 6 pasos del harness (pasos 3,5; numerados desde 0). | H16: =IF(COUNT(C16:G16)=5,SUM(C16:G16),"") | N16: =IF(COUNT(C16:G16)=5,"Completa","Falta") -> Falta
A17: C8-8654 | B17: Compila. Pasa los 6 pasos del harness. | C17: 3 | H17: =IF(COUNT(C17:G17)=5,SUM(C17:G17),"") | N17: =IF(COUNT(C17:G17)=5,"Completa","Falta") -> Falta
A18: C8-2995 | B18: Compila sola, pero no se pudo simular: declara las entradas donde el harness no puede escribirlas ('nivelAlto' no es ninguna entrada de 'FB_VALVULA'). | H18: =IF(COUNT(C18:G18)=5,SUM(C18:G18),"") | N18: =IF(COUNT(C18:G18)=5,"Completa","Falta") -> Falta
A19: C8-7711 | B19: Compila. Pasa los 6 pasos del harness. | C19: 3 | H19: =IF(COUNT(C19:G19)=5,SUM(C19:G19),"") | N19: =IF(COUNT(C19:G19)=5,"Completa","Falta") -> Falta
A20: C8-4581 | B20: Compila. Pasa los 6 pasos del harness. | C20: 3 | H20: =IF(COUNT(C20:G20)=5,SUM(C20:G20),"") | N20: =IF(COUNT(C20:G20)=5,"Completa","Falta") -> Falta
A21: C8-6084 | B21: Compila. Pasa los 6 pasos del harness. | C21: 3 | H21: =IF(COUNT(C21:G21)=5,SUM(C21:G21),"") | N21: =IF(COUNT(C21:G21)=5,"Completa","Falta") -> Falta
A22: C8-4519 | B22: Compila. Pasa los 6 pasos del harness. | C22: 3 | H22: =IF(COUNT(C22:G22)=5,SUM(C22:G22),"") | N22: =IF(COUNT(C22:G22)=5,"Completa","Falta") -> Falta
A23: C8-2420 | B23: Compila. Pasa los 6 pasos del harness. | C23: 3 | H23: =IF(COUNT(C23:G23)=5,SUM(C23:G23),"") | N23: =IF(COUNT(C23:G23)=5,"Completa","Falta") -> Falta
A24: C8-5584 | B24: Compila. Pasa los 6 pasos del harness. | C24: 3 | H24: =IF(COUNT(C24:G24)=5,SUM(C24:G24),"") | N24: =IF(COUNT(C24:G24)=5,"Completa","Falta") -> Falta
A25: C8-3511 | B25: Compila. Pasa los 6 pasos del harness. | C25: 3 | H25: =IF(COUNT(C25:G25)=5,SUM(C25:G25),"") | N25: =IF(COUNT(C25:G25)=5,"Completa","Falta") -> Falta
A26: C8-4933 | B26: Compila sola, pero no se pudo simular: declara las entradas donde el harness no puede escribirlas ('nivelAlto' no es ninguna entrada de 'FB_VALVULA'). | H26: =IF(COUNT(C26:G26)=5,SUM(C26:G26),"") | N26: =IF(COUNT(C26:G26)=5,"Completa","Falta") -> Falta
A27: C8-8185 | B27: Compila. Pasa los 6 pasos del harness. | C27: 3 | H27: =IF(COUNT(C27:G27)=5,SUM(C27:G27),"") | N27: =IF(COUNT(C27:G27)=5,"Completa","Falta") -> Falta
A28: C8-1743 | B28: Compila. Pasa los 6 pasos del harness. | C28: 3 | H28: =IF(COUNT(C28:G28)=5,SUM(C28:G28),"") | N28: =IF(COUNT(C28:G28)=5,"Completa","Falta") -> Falta
A29: C8-5787 | B29: Compila. Pasa los 6 pasos del harness. | C29: 3 | H29: =IF(COUNT(C29:G29)=5,SUM(C29:G29),"") | N29: =IF(COUNT(C29:G29)=5,"Completa","Falta") -> Falta
